a5,a5_behind_front base_micro_mini_bottom_front a5_neckline_front,base_micro_mini_bottom_back a5_neckline_back a5_infront_back
t59,t59_behind_front base_micro_mini_bottom_front t59_neckline_front,t59_behind_back base_micro_mini_bottom_back t59_neckline_back
a5-t59,t59_behind_front a5_behind_front base_micro_mini_bottom_front t59_neckline_front,t59_behind_back base_micro_mini_bottom_back t59_neckline_back a5_infront_back
t9,t9_behind_front base_micro_mini_bottom_front t9_neckline_front,t9_behind_back base_micro_mini_bottom_back t9_neckline_back
a5-t9,t9_behind_front a5_behind_front base_micro_mini_bottom_front t9_neckline_front,t9_behind_back base_micro_mini_bottom_back t9_neckline_back a5_infront_back
t17,t17_behind_front base_micro_mini_bottom_front t17_neckline_front,t17_behind_back base_micro_mini_bottom_back t17_neckline_back
a5-t17,t17_behind_front a5_behind_front base_micro_mini_bottom_front t17_neckline_front,t17_behind_back base_micro_mini_bottom_back t17_neckline_back a5_infront_back
t20,t20_behind_front base_micro_mini_bottom_front t20_neckline_front,t20_behind_back base_micro_mini_bottom_back t20_neckline_back
a5-t20,t20_behind_front a5_behind_front base_micro_mini_bottom_front t20_neckline_front,t20_behind_back base_micro_mini_bottom_back t20_neckline_back a5_infront_back
t21,t21_behind_front base_micro_mini_bottom_front t21_neckline_front,t21_behind_back base_micro_mini_bottom_back t21_neckline_back
a5-t21,t21_behind_front a5_behind_front base_micro_mini_bottom_front t21_neckline_front,t21_behind_back base_micro_mini_bottom_back t21_neckline_back a5_infront_back
t38,base_micro_mini_bottom_front base_neckline_front t38_infront_front,base_micro_mini_bottom_back base_neckline_back t38_infront_back
t59-t38,t59_behind_front base_micro_mini_bottom_front t59_neckline_front t38_infront_front,t59_behind_back base_micro_mini_bottom_back t59_neckline_back t38_infront_back
t17-t38,t17_behind_front base_micro_mini_bottom_front t17_neckline_front t38_infront_front,t17_behind_back base_micro_mini_bottom_back t17_neckline_back t38_infront_back
t57,base_micro_mini_bottom_front base_neckline_front t57_infront_front,t57_behind_back base_micro_mini_bottom_back base_neckline_back t57_infront_back
t59-t57,t59_behind_front base_micro_mini_bottom_front t59_neckline_front t57_infront_front,t57_behind_back t59_behind_back base_micro_mini_bottom_back t59_neckline_back t57_infront_back
t17-t57,t17_behind_front base_micro_mini_bottom_front t17_neckline_front t57_infront_front,t57_behind_back t17_behind_back base_micro_mini_bottom_back t17_neckline_back t57_infront_back
t20-t57,t20_behind_front base_micro_mini_bottom_front t20_neckline_front t57_infront_front,t57_behind_back t20_behind_back base_micro_mini_bottom_back t20_neckline_back t57_infront_back
t21-t57,t21_behind_front base_micro_mini_bottom_front t21_neckline_front t57_infront_front,t57_behind_back t21_behind_back base_micro_mini_bottom_back t21_neckline_back t57_infront_back
t38-t57,base_micro_mini_bottom_front base_neckline_front t57_infront_front t38_infront_front,t57_behind_back base_micro_mini_bottom_back base_neckline_back t57_infront_back t38_infront_back
t59-t38-t57,t59_behind_front base_micro_mini_bottom_front t59_neckline_front t57_infront_front t38_infront_front,t57_behind_back t59_behind_back base_micro_mini_bottom_back t59_neckline_back t57_infront_back t38_infront_back
t17-t38-t57,t17_behind_front base_micro_mini_bottom_front t17_neckline_front t57_infront_front t38_infront_front,t57_behind_back t17_behind_back base_micro_mini_bottom_back t17_neckline_back t57_infront_back t38_infront_back
t50,base_micro_mini_bottom_front base_neckline_front t50_infront_front,t50_behind_back base_micro_mini_bottom_back base_neckline_back t50_infront_back
t59-t50,t59_behind_front base_micro_mini_bottom_front t59_neckline_front t50_infront_front,t50_behind_back t59_behind_back base_micro_mini_bottom_back t59_neckline_back t50_infront_back
t9-t50,t9_behind_front base_micro_mini_bottom_front t9_neckline_front t50_infront_front,t50_behind_back t9_behind_back base_micro_mini_bottom_back t9_neckline_back t50_infront_back
t17-t50,t17_behind_front base_micro_mini_bottom_front t17_neckline_front t50_infront_front,t50_behind_back t17_behind_back base_micro_mini_bottom_back t17_neckline_back t50_infront_back
t57-t50,base_micro_mini_bottom_front base_neckline_front t50_infront_front t57_infront_front,t50_behind_back t57_behind_back base_micro_mini_bottom_back base_neckline_back t50_infront_back t57_infront_back
t59-t57-t50,t59_behind_front base_micro_mini_bottom_front t59_neckline_front t50_infront_front t57_infront_front,t50_behind_back t57_behind_back t59_behind_back base_micro_mini_bottom_back t59_neckline_back t50_infront_back t57_infront_back
t17-t57-t50,t17_behind_front base_micro_mini_bottom_front t17_neckline_front t50_infront_front t57_infront_front,t50_behind_back t57_behind_back t17_behind_back base_micro_mini_bottom_back t17_neckline_back t50_infront_back t57_infront_back
t61,t61_for_base_behind_front base_micro_mini_bottom_front t61_for_base_neckline_front,t61_for_base_behind_back base_micro_mini_bottom_back t61_for_base_neckline_back
a5-t61,t61_for_base_behind_front a5_behind_front base_micro_mini_bottom_front t61_for_base_neckline_front,t61_for_base_behind_back base_micro_mini_bottom_back t61_for_base_neckline_back a5_infront_back
t17-t61,t61_for_t17_behind_front t17_behind_front base_micro_mini_bottom_front t61_for_t17_neckline_front,t61_for_t17_behind_back t17_behind_back base_micro_mini_bottom_back t61_for_t17_neckline_back
a5-t17-t61,t61_for_t17_behind_front t17_behind_front a5_behind_front base_micro_mini_bottom_front t61_for_t17_neckline_front,t61_for_t17_behind_back t17_behind_back base_micro_mini_bottom_back t61_for_t17_neckline_back a5_infront_back
t57-t61,t61_for_base_behind_front base_micro_mini_bottom_front t61_for_base_neckline_front t57_infront_front,t61_for_base_behind_back t57_behind_back base_micro_mini_bottom_back t61_for_base_neckline_back t57_infront_back
t17-t57-t61,t61_for_t17_behind_front t17_behind_front base_micro_mini_bottom_front t61_for_t17_neckline_front t57_infront_front,t61_for_t17_behind_back t57_behind_back t17_behind_back base_micro_mini_bottom_back t61_for_t17_neckline_back t57_infront_back
b21,base_micro_mini_bottom_front base_neckline_front b21_infront_front,base_micro_mini_bottom_back base_neckline_back b21_infront_back
a5-b21,a5_behind_front base_micro_mini_bottom_front a5_neckline_front b21_infront_front,base_micro_mini_bottom_back a5_neckline_back b21_infront_back a5_infront_back
t59-b21,t59_behind_front base_micro_mini_bottom_front t59_neckline_front b21_infront_front,t59_behind_back base_micro_mini_bottom_back t59_neckline_back b21_infront_back
a5-t59-b21,t59_behind_front a5_behind_front base_micro_mini_bottom_front t59_neckline_front b21_infront_front,t59_behind_back base_micro_mini_bottom_back t59_neckline_back b21_infront_back a5_infront_back
t9-b21,t9_behind_front base_micro_mini_bottom_front t9_neckline_front b21_infront_front,t9_behind_back base_micro_mini_bottom_back t9_neckline_back b21_infront_back
a5-t9-b21,t9_behind_front a5_behind_front base_micro_mini_bottom_front t9_neckline_front b21_infront_front,t9_behind_back base_micro_mini_bottom_back t9_neckline_back b21_infront_back a5_infront_back
t17-b21,t17_behind_front base_micro_mini_bottom_front t17_neckline_front b21_infront_front,t17_behind_back base_micro_mini_bottom_back t17_neckline_back b21_infront_back
a5-t17-b21,t17_behind_front a5_behind_front base_micro_mini_bottom_front t17_neckline_front b21_infront_front,t17_behind_back base_micro_mini_bottom_back t17_neckline_back b21_infront_back a5_infront_back
t20-b21,t20_behind_front base_micro_mini_bottom_front t20_neckline_front b21_infront_front,t20_behind_back base_micro_mini_bottom_back t20_neckline_back b21_infront_back
a5-t20-b21,t20_behind_front a5_behind_front base_micro_mini_bottom_front t20_neckline_front b21_infront_front,t20_behind_back base_micro_mini_bottom_back t20_neckline_back b21_infront_back a5_infront_back
t21-b21,t21_behind_front base_micro_mini_bottom_front t21_neckline_front b21_infront_front,t21_behind_back base_micro_mini_bottom_back t21_neckline_back b21_infront_back
a5-t21-b21,t21_behind_front a5_behind_front base_micro_mini_bottom_front t21_neckline_front b21_infront_front,t21_behind_back base_micro_mini_bottom_back t21_neckline_back b21_infront_back a5_infront_back
t38-b21,base_micro_mini_bottom_front base_neckline_front b21_infront_front t38_infront_front,base_micro_mini_bottom_back base_neckline_back b21_infront_back t38_infront_back
t59-t38-b21,t59_behind_front base_micro_mini_bottom_front t59_neckline_front b21_infront_front t38_infront_front,t59_behind_back base_micro_mini_bottom_back t59_neckline_back b21_infront_back t38_infront_back
t17-t38-b21,t17_behind_front base_micro_mini_bottom_front t17_neckline_front b21_infront_front t38_infront_front,t17_behind_back base_micro_mini_bottom_back t17_neckline_back b21_infront_back t38_infront_back
t57-b21,base_micro_mini_bottom_front base_neckline_front b21_infront_front t57_infront_front,t57_behind_back base_micro_mini_bottom_back base_neckline_back b21_infront_back t57_infront_back
t59-t57-b21,t59_behind_front base_micro_mini_bottom_front t59_neckline_front b21_infront_front t57_infront_front,t57_behind_back t59_behind_back base_micro_mini_bottom_back t59_neckline_back b21_infront_back t57_infront_back
t17-t57-b21,t17_behind_front base_micro_mini_bottom_front t17_neckline_front b21_infront_front t57_infront_front,t57_behind_back t17_behind_back base_micro_mini_bottom_back t17_neckline_back b21_infront_back t57_infront_back
t20-t57-b21,t20_behind_front base_micro_mini_bottom_front t20_neckline_front b21_infront_front t57_infront_front,t57_behind_back t20_behind_back base_micro_mini_bottom_back t20_neckline_back b21_infront_back t57_infront_back
t21-t57-b21,t21_behind_front base_micro_mini_bottom_front t21_neckline_front b21_infront_front t57_infront_front,t57_behind_back t21_behind_back base_micro_mini_bottom_back t21_neckline_back b21_infront_back t57_infront_back
t38-t57-b21,base_micro_mini_bottom_front base_neckline_front b21_infront_front t57_infront_front t38_infront_front,t57_behind_back base_micro_mini_bottom_back base_neckline_back b21_infront_back t57_infront_back t38_infront_back
t59-t38-t57-b21,t59_behind_front base_micro_mini_bottom_front t59_neckline_front b21_infront_front t57_infront_front t38_infront_front,t57_behind_back t59_behind_back base_micro_mini_bottom_back t59_neckline_back b21_infront_back t57_infront_back t38_infront_back
t17-t38-t57-b21,t17_behind_front base_micro_mini_bottom_front t17_neckline_front b21_infront_front t57_infront_front t38_infront_front,t57_behind_back t17_behind_back base_micro_mini_bottom_back t17_neckline_back b21_infront_back t57_infront_back t38_infront_back
t50-b21,base_micro_mini_bottom_front base_neckline_front b21_infront_front t50_infront_front,t50_behind_back base_micro_mini_bottom_back base_neckline_back b21_infront_back t50_infront_back
t59-t50-b21,t59_behind_front base_micro_mini_bottom_front t59_neckline_front b21_infront_front t50_infront_front,t50_behind_back t59_behind_back base_micro_mini_bottom_back t59_neckline_back b21_infront_back t50_infront_back
t9-t50-b21,t9_behind_front base_micro_mini_bottom_front t9_neckline_front b21_infront_front t50_infront_front,t50_behind_back t9_behind_back base_micro_mini_bottom_back t9_neckline_back b21_infront_back t50_infront_back
t17-t50-b21,t17_behind_front base_micro_mini_bottom_front t17_neckline_front b21_infront_front t50_infront_front,t50_behind_back t17_behind_back base_micro_mini_bottom_back t17_neckline_back b21_infront_back t50_infront_back
t57-t50-b21,base_micro_mini_bottom_front base_neckline_front b21_infront_front t50_infront_front t57_infront_front,t50_behind_back t57_behind_back base_micro_mini_bottom_back base_neckline_back b21_infront_back t50_infront_back t57_infront_back
t59-t57-t50-b21,t59_behind_front base_micro_mini_bottom_front t59_neckline_front b21_infront_front t50_infront_front t57_infront_front,t50_behind_back t57_behind_back t59_behind_back base_micro_mini_bottom_back t59_neckline_back b21_infront_back t50_infront_back t57_infront_back
t17-t57-t50-b21,t17_behind_front base_micro_mini_bottom_front t17_neckline_front b21_infront_front t50_infront_front t57_infront_front,t50_behind_back t57_behind_back t17_behind_back base_micro_mini_bottom_back t17_neckline_back b21_infront_back t50_infront_back t57_infront_back
t61-b21,t61_for_base_behind_front base_micro_mini_bottom_front t61_for_base_neckline_front b21_infront_front,t61_for_base_behind_back base_micro_mini_bottom_back t61_for_base_neckline_back b21_infront_back
a5-t61-b21,t61_for_base_behind_front a5_behind_front base_micro_mini_bottom_front t61_for_base_neckline_front b21_infront_front,t61_for_base_behind_back base_micro_mini_bottom_back t61_for_base_neckline_back b21_infront_back a5_infront_back
t17-t61-b21,t61_for_t17_behind_front t17_behind_front base_micro_mini_bottom_front t61_for_t17_neckline_front b21_infront_front,t61_for_t17_behind_back t17_behind_back base_micro_mini_bottom_back t61_for_t17_neckline_back b21_infront_back
a5-t17-t61-b21,t61_for_t17_behind_front t17_behind_front a5_behind_front base_micro_mini_bottom_front t61_for_t17_neckline_front b21_infront_front,t61_for_t17_behind_back t17_behind_back base_micro_mini_bottom_back t61_for_t17_neckline_back b21_infront_back a5_infront_back
t57-t61-b21,t61_for_base_behind_front base_micro_mini_bottom_front t61_for_base_neckline_front b21_infront_front t57_infront_front,t61_for_base_behind_back t57_behind_back base_micro_mini_bottom_back t61_for_base_neckline_back b21_infront_back t57_infront_back
t17-t57-t61-b21,t61_for_t17_behind_front t17_behind_front base_micro_mini_bottom_front t61_for_t17_neckline_front b21_infront_front t57_infront_front,t61_for_t17_behind_back t57_behind_back t17_behind_back base_micro_mini_bottom_back t61_for_t17_neckline_back b21_infront_back t57_infront_back
a1,base_micro_mini_bottom_front base_neckline_front a1_infront_front,base_micro_mini_bottom_back base_neckline_back a1_infront_back
t59-a1,t59_behind_front base_micro_mini_bottom_front t59_neckline_front a1_infront_front,t59_behind_back base_micro_mini_bottom_back t59_neckline_back a1_infront_back
t9-a1,t9_behind_front base_micro_mini_bottom_front t9_neckline_front a1_infront_front,t9_behind_back base_micro_mini_bottom_back t9_neckline_back a1_infront_back
t17-a1,t17_behind_front base_micro_mini_bottom_front t17_neckline_front a1_infront_front,t17_behind_back base_micro_mini_bottom_back t17_neckline_back a1_infront_back
t20-a1,t20_behind_front base_micro_mini_bottom_front t20_neckline_front a1_infront_front,t20_behind_back base_micro_mini_bottom_back t20_neckline_back a1_infront_back
t21-a1,t21_behind_front base_micro_mini_bottom_front t21_neckline_front a1_infront_front,t21_behind_back base_micro_mini_bottom_back t21_neckline_back a1_infront_back
t61-a1,t61_for_base_behind_front base_micro_mini_bottom_front t61_for_base_neckline_front a1_infront_front,t61_for_base_behind_back base_micro_mini_bottom_back t61_for_base_neckline_back a1_infront_back
t17-t61-a1,t61_for_t17_behind_front t17_behind_front base_micro_mini_bottom_front t61_for_t17_neckline_front a1_infront_front,t61_for_t17_behind_back t17_behind_back base_micro_mini_bottom_back t61_for_t17_neckline_back a1_infront_back
b21-a1,base_micro_mini_bottom_front base_neckline_front a1_infront_front b21_infront_front,base_micro_mini_bottom_back base_neckline_back a1_infront_back b21_infront_back
t59-b21-a1,t59_behind_front base_micro_mini_bottom_front t59_neckline_front a1_infront_front b21_infront_front,t59_behind_back base_micro_mini_bottom_back t59_neckline_back a1_infront_back b21_infront_back
t9-b21-a1,t9_behind_front base_micro_mini_bottom_front t9_neckline_front a1_infront_front b21_infront_front,t9_behind_back base_micro_mini_bottom_back t9_neckline_back a1_infront_back b21_infront_back
t17-b21-a1,t17_behind_front base_micro_mini_bottom_front t17_neckline_front a1_infront_front b21_infront_front,t17_behind_back base_micro_mini_bottom_back t17_neckline_back a1_infront_back b21_infront_back
t20-b21-a1,t20_behind_front base_micro_mini_bottom_front t20_neckline_front a1_infront_front b21_infront_front,t20_behind_back base_micro_mini_bottom_back t20_neckline_back a1_infront_back b21_infront_back
t21-b21-a1,t21_behind_front base_micro_mini_bottom_front t21_neckline_front a1_infront_front b21_infront_front,t21_behind_back base_micro_mini_bottom_back t21_neckline_back a1_infront_back b21_infront_back
t61-b21-a1,t61_for_base_behind_front base_micro_mini_bottom_front t61_for_base_neckline_front a1_infront_front b21_infront_front,t61_for_base_behind_back base_micro_mini_bottom_back t61_for_base_neckline_back a1_infront_back b21_infront_back
t17-t61-b21-a1,t61_for_t17_behind_front t17_behind_front base_micro_mini_bottom_front t61_for_t17_neckline_front a1_infront_front b21_infront_front,t61_for_t17_behind_back t17_behind_back base_micro_mini_bottom_back t61_for_t17_neckline_back a1_infront_back b21_infront_back
a2,base_micro_mini_bottom_front base_neckline_front a2_infront_front,base_micro_mini_bottom_back base_neckline_back a2_infront_back
a5-a2,a5_behind_front base_micro_mini_bottom_front a5_neckline_front a2_infront_front,base_micro_mini_bottom_back a5_neckline_back a2_infront_back a5_infront_back
t59-a2,t59_behind_front base_micro_mini_bottom_front t59_neckline_front a2_infront_front,t59_behind_back base_micro_mini_bottom_back t59_neckline_back a2_infront_back
a5-t59-a2,t59_behind_front a5_behind_front base_micro_mini_bottom_front t59_neckline_front a2_infront_front,t59_behind_back base_micro_mini_bottom_back t59_neckline_back a2_infront_back a5_infront_back
t9-a2,t9_behind_front base_micro_mini_bottom_front t9_neckline_front a2_infront_front,t9_behind_back base_micro_mini_bottom_back t9_neckline_back a2_infront_back
a5-t9-a2,t9_behind_front a5_behind_front base_micro_mini_bottom_front t9_neckline_front a2_infront_front,t9_behind_back base_micro_mini_bottom_back t9_neckline_back a2_infront_back a5_infront_back
t17-a2,t17_behind_front base_micro_mini_bottom_front t17_neckline_front a2_infront_front,t17_behind_back base_micro_mini_bottom_back t17_neckline_back a2_infront_back
a5-t17-a2,t17_behind_front a5_behind_front base_micro_mini_bottom_front t17_neckline_front a2_infront_front,t17_behind_back base_micro_mini_bottom_back t17_neckline_back a2_infront_back a5_infront_back
t20-a2,t20_behind_front base_micro_mini_bottom_front t20_neckline_front a2_infront_front,t20_behind_back base_micro_mini_bottom_back t20_neckline_back a2_infront_back
a5-t20-a2,t20_behind_front a5_behind_front base_micro_mini_bottom_front t20_neckline_front a2_infront_front,t20_behind_back base_micro_mini_bottom_back t20_neckline_back a2_infront_back a5_infront_back
t21-a2,t21_behind_front base_micro_mini_bottom_front t21_neckline_front a2_infront_front,t21_behind_back base_micro_mini_bottom_back t21_neckline_back a2_infront_back
a5-t21-a2,t21_behind_front a5_behind_front base_micro_mini_bottom_front t21_neckline_front a2_infront_front,t21_behind_back base_micro_mini_bottom_back t21_neckline_back a2_infront_back a5_infront_back
t38-a2,base_micro_mini_bottom_front base_neckline_front a2_infront_front t38_infront_front,base_micro_mini_bottom_back base_neckline_back a2_infront_back t38_infront_back
t59-t38-a2,t59_behind_front base_micro_mini_bottom_front t59_neckline_front a2_infront_front t38_infront_front,t59_behind_back base_micro_mini_bottom_back t59_neckline_back a2_infront_back t38_infront_back
t17-t38-a2,t17_behind_front base_micro_mini_bottom_front t17_neckline_front a2_infront_front t38_infront_front,t17_behind_back base_micro_mini_bottom_back t17_neckline_back a2_infront_back t38_infront_back
t57-a2,base_micro_mini_bottom_front base_neckline_front a2_infront_front t57_infront_front,t57_behind_back base_micro_mini_bottom_back base_neckline_back a2_infront_back t57_infront_back
t59-t57-a2,t59_behind_front base_micro_mini_bottom_front t59_neckline_front a2_infront_front t57_infront_front,t57_behind_back t59_behind_back base_micro_mini_bottom_back t59_neckline_back a2_infront_back t57_infront_back
t17-t57-a2,t17_behind_front base_micro_mini_bottom_front t17_neckline_front a2_infront_front t57_infront_front,t57_behind_back t17_behind_back base_micro_mini_bottom_back t17_neckline_back a2_infront_back t57_infront_back
t20-t57-a2,t20_behind_front base_micro_mini_bottom_front t20_neckline_front a2_infront_front t57_infront_front,t57_behind_back t20_behind_back base_micro_mini_bottom_back t20_neckline_back a2_infront_back t57_infront_back
t21-t57-a2,t21_behind_front base_micro_mini_bottom_front t21_neckline_front a2_infront_front t57_infront_front,t57_behind_back t21_behind_back base_micro_mini_bottom_back t21_neckline_back a2_infront_back t57_infront_back
t38-t57-a2,base_micro_mini_bottom_front base_neckline_front a2_infront_front t57_infront_front t38_infront_front,t57_behind_back base_micro_mini_bottom_back base_neckline_back a2_infront_back t57_infront_back t38_infront_back
t59-t38-t57-a2,t59_behind_front base_micro_mini_bottom_front t59_neckline_front a2_infront_front t57_infront_front t38_infront_front,t57_behind_back t59_behind_back base_micro_mini_bottom_back t59_neckline_back a2_infront_back t57_infront_back t38_infront_back
t17-t38-t57-a2,t17_behind_front base_micro_mini_bottom_front t17_neckline_front a2_infront_front t57_infront_front t38_infront_front,t57_behind_back t17_behind_back base_micro_mini_bottom_back t17_neckline_back a2_infront_back t57_infront_back t38_infront_back
t50-a2,base_micro_mini_bottom_front base_neckline_front a2_infront_front t50_infront_front,t50_behind_back base_micro_mini_bottom_back base_neckline_back a2_infront_back t50_infront_back
t59-t50-a2,t59_behind_front base_micro_mini_bottom_front t59_neckline_front a2_infront_front t50_infront_front,t50_behind_back t59_behind_back base_micro_mini_bottom_back t59_neckline_back a2_infront_back t50_infront_back
t9-t50-a2,t9_behind_front base_micro_mini_bottom_front t9_neckline_front a2_infront_front t50_infront_front,t50_behind_back t9_behind_back base_micro_mini_bottom_back t9_neckline_back a2_infront_back t50_infront_back
t17-t50-a2,t17_behind_front base_micro_mini_bottom_front t17_neckline_front a2_infront_front t50_infront_front,t50_behind_back t17_behind_back base_micro_mini_bottom_back t17_neckline_back a2_infront_back t50_infront_back
t57-t50-a2,base_micro_mini_bottom_front base_neckline_front a2_infront_front t50_infront_front t57_infront_front,t50_behind_back t57_behind_back base_micro_mini_bottom_back base_neckline_back a2_infront_back t50_infront_back t57_infront_back
t59-t57-t50-a2,t59_behind_front base_micro_mini_bottom_front t59_neckline_front a2_infront_front t50_infront_front t57_infront_front,t50_behind_back t57_behind_back t59_behind_back base_micro_mini_bottom_back t59_neckline_back a2_infront_back t50_infront_back t57_infront_back
t17-t57-t50-a2,t17_behind_front base_micro_mini_bottom_front t17_neckline_front a2_infront_front t50_infront_front t57_infront_front,t50_behind_back t57_behind_back t17_behind_back base_micro_mini_bottom_back t17_neckline_back a2_infront_back t50_infront_back t57_infront_back
t61-a2,t61_for_base_behind_front base_micro_mini_bottom_front t61_for_base_neckline_front a2_infront_front,t61_for_base_behind_back base_micro_mini_bottom_back t61_for_base_neckline_back a2_infront_back
a5-t61-a2,t61_for_base_behind_front a5_behind_front base_micro_mini_bottom_front t61_for_base_neckline_front a2_infront_front,t61_for_base_behind_back base_micro_mini_bottom_back t61_for_base_neckline_back a2_infront_back a5_infront_back
t17-t61-a2,t61_for_t17_behind_front t17_behind_front base_micro_mini_bottom_front t61_for_t17_neckline_front a2_infront_front,t61_for_t17_behind_back t17_behind_back base_micro_mini_bottom_back t61_for_t17_neckline_back a2_infront_back
a5-t17-t61-a2,t61_for_t17_behind_front t17_behind_front a5_behind_front base_micro_mini_bottom_front t61_for_t17_neckline_front a2_infront_front,t61_for_t17_behind_back t17_behind_back base_micro_mini_bottom_back t61_for_t17_neckline_back a2_infront_back a5_infront_back
t57-t61-a2,t61_for_base_behind_front base_micro_mini_bottom_front t61_for_base_neckline_front a2_infront_front t57_infront_front,t61_for_base_behind_back t57_behind_back base_micro_mini_bottom_back t61_for_base_neckline_back a2_infront_back t57_infront_back
t17-t57-t61-a2,t61_for_t17_behind_front t17_behind_front base_micro_mini_bottom_front t61_for_t17_neckline_front a2_infront_front t57_infront_front,t61_for_t17_behind_back t57_behind_back t17_behind_back base_micro_mini_bottom_back t61_for_t17_neckline_back a2_infront_back t57_infront_back
b21-a2,base_micro_mini_bottom_front base_neckline_front a2_infront_front b21_infront_front,base_micro_mini_bottom_back base_neckline_back a2_infront_back b21_infront_back
a5-b21-a2,a5_behind_front base_micro_mini_bottom_front a5_neckline_front a2_infront_front b21_infront_front,base_micro_mini_bottom_back a5_neckline_back a2_infront_back b21_infront_back a5_infront_back
t59-b21-a2,t59_behind_front base_micro_mini_bottom_front t59_neckline_front a2_infront_front b21_infront_front,t59_behind_back base_micro_mini_bottom_back t59_neckline_back a2_infront_back b21_infront_back
a5-t59-b21-a2,t59_behind_front a5_behind_front base_micro_mini_bottom_front t59_neckline_front a2_infront_front b21_infront_front,t59_behind_back base_micro_mini_bottom_back t59_neckline_back a2_infront_back b21_infront_back a5_infront_back
t9-b21-a2,t9_behind_front base_micro_mini_bottom_front t9_neckline_front a2_infront_front b21_infront_front,t9_behind_back base_micro_mini_bottom_back t9_neckline_back a2_infront_back b21_infront_back
a5-t9-b21-a2,t9_behind_front a5_behind_front base_micro_mini_bottom_front t9_neckline_front a2_infront_front b21_infront_front,t9_behind_back base_micro_mini_bottom_back t9_neckline_back a2_infront_back b21_infront_back a5_infront_back
t17-b21-a2,t17_behind_front base_micro_mini_bottom_front t17_neckline_front a2_infront_front b21_infront_front,t17_behind_back base_micro_mini_bottom_back t17_neckline_back a2_infront_back b21_infront_back
a5-t17-b21-a2,t17_behind_front a5_behind_front base_micro_mini_bottom_front t17_neckline_front a2_infront_front b21_infront_front,t17_behind_back base_micro_mini_bottom_back t17_neckline_back a2_infront_back b21_infront_back a5_infront_back
t20-b21-a2,t20_behind_front base_micro_mini_bottom_front t20_neckline_front a2_infront_front b21_infront_front,t20_behind_back base_micro_mini_bottom_back t20_neckline_back a2_infront_back b21_infront_back
a5-t20-b21-a2,t20_behind_front a5_behind_front base_micro_mini_bottom_front t20_neckline_front a2_infront_front b21_infront_front,t20_behind_back base_micro_mini_bottom_back t20_neckline_back a2_infront_back b21_infront_back a5_infront_back
t21-b21-a2,t21_behind_front base_micro_mini_bottom_front t21_neckline_front a2_infront_front b21_infront_front,t21_behind_back base_micro_mini_bottom_back t21_neckline_back a2_infront_back b21_infront_back
a5-t21-b21-a2,t21_behind_front a5_behind_front base_micro_mini_bottom_front t21_neckline_front a2_infront_front b21_infront_front,t21_behind_back base_micro_mini_bottom_back t21_neckline_back a2_infront_back b21_infront_back a5_infront_back
t38-b21-a2,base_micro_mini_bottom_front base_neckline_front a2_infront_front b21_infront_front t38_infront_front,base_micro_mini_bottom_back base_neckline_back a2_infront_back b21_infront_back t38_infront_back
t59-t38-b21-a2,t59_behind_front base_micro_mini_bottom_front t59_neckline_front a2_infront_front b21_infront_front t38_infront_front,t59_behind_back base_micro_mini_bottom_back t59_neckline_back a2_infront_back b21_infront_back t38_infront_back
t17-t38-b21-a2,t17_behind_front base_micro_mini_bottom_front t17_neckline_front a2_infront_front b21_infront_front t38_infront_front,t17_behind_back base_micro_mini_bottom_back t17_neckline_back a2_infront_back b21_infront_back t38_infront_back
t57-b21-a2,base_micro_mini_bottom_front base_neckline_front a2_infront_front b21_infront_front t57_infront_front,t57_behind_back base_micro_mini_bottom_back base_neckline_back a2_infront_back b21_infront_back t57_infront_back
t59-t57-b21-a2,t59_behind_front base_micro_mini_bottom_front t59_neckline_front a2_infront_front b21_infront_front t57_infront_front,t57_behind_back t59_behind_back base_micro_mini_bottom_back t59_neckline_back a2_infront_back b21_infront_back t57_infront_back
t17-t57-b21-a2,t17_behind_front base_micro_mini_bottom_front t17_neckline_front a2_infront_front b21_infront_front t57_infront_front,t57_behind_back t17_behind_back base_micro_mini_bottom_back t17_neckline_back a2_infront_back b21_infront_back t57_infront_back
t20-t57-b21-a2,t20_behind_front base_micro_mini_bottom_front t20_neckline_front a2_infront_front b21_infront_front t57_infront_front,t57_behind_back t20_behind_back base_micro_mini_bottom_back t20_neckline_back a2_infront_back b21_infront_back t57_infront_back
t21-t57-b21-a2,t21_behind_front base_micro_mini_bottom_front t21_neckline_front a2_infront_front b21_infront_front t57_infront_front,t57_behind_back t21_behind_back base_micro_mini_bottom_back t21_neckline_back a2_infront_back b21_infront_back t57_infront_back
t38-t57-b21-a2,base_micro_mini_bottom_front base_neckline_front a2_infront_front b21_infront_front t57_infront_front t38_infront_front,t57_behind_back base_micro_mini_bottom_back base_neckline_back a2_infront_back b21_infront_back t57_infront_back t38_infront_back
t59-t38-t57-b21-a2,t59_behind_front base_micro_mini_bottom_front t59_neckline_front a2_infront_front b21_infront_front t57_infront_front t38_infront_front,t57_behind_back t59_behind_back base_micro_mini_bottom_back t59_neckline_back a2_infront_back b21_infront_back t57_infront_back t38_infront_back
t17-t38-t57-b21-a2,t17_behind_front base_micro_mini_bottom_front t17_neckline_front a2_infront_front b21_infront_front t57_infront_front t38_infront_front,t57_behind_back t17_behind_back base_micro_mini_bottom_back t17_neckline_back a2_infront_back b21_infront_back t57_infront_back t38_infront_back
t50-b21-a2,base_micro_mini_bottom_front base_neckline_front a2_infront_front b21_infront_front t50_infront_front,t50_behind_back base_micro_mini_bottom_back base_neckline_back a2_infront_back b21_infront_back t50_infront_back
t59-t50-b21-a2,t59_behind_front base_micro_mini_bottom_front t59_neckline_front a2_infront_front b21_infront_front t50_infront_front,t50_behind_back t59_behind_back base_micro_mini_bottom_back t59_neckline_back a2_infront_back b21_infront_back t50_infront_back
t9-t50-b21-a2,t9_behind_front base_micro_mini_bottom_front t9_neckline_front a2_infront_front b21_infront_front t50_infront_front,t50_behind_back t9_behind_back base_micro_mini_bottom_back t9_neckline_back a2_infront_back b21_infront_back t50_infront_back
t17-t50-b21-a2,t17_behind_front base_micro_mini_bottom_front t17_neckline_front a2_infront_front b21_infront_front t50_infront_front,t50_behind_back t17_behind_back base_micro_mini_bottom_back t17_neckline_back a2_infront_back b21_infront_back t50_infront_back
t57-t50-b21-a2,base_micro_mini_bottom_front base_neckline_front a2_infront_front b21_infront_front t50_infront_front t57_infront_front,t50_behind_back t57_behind_back base_micro_mini_bottom_back base_neckline_back a2_infront_back b21_infront_back t50_infront_back t57_infront_back
t59-t57-t50-b21-a2,t59_behind_front base_micro_mini_bottom_front t59_neckline_front a2_infront_front b21_infront_front t50_infront_front t57_infront_front,t50_behind_back t57_behind_back t59_behind_back base_micro_mini_bottom_back t59_neckline_back a2_infront_back b21_infront_back t50_infront_back t57_infront_back
t17-t57-t50-b21-a2,t17_behind_front base_micro_mini_bottom_front t17_neckline_front a2_infront_front b21_infront_front t50_infront_front t57_infront_front,t50_behind_back t57_behind_back t17_behind_back base_micro_mini_bottom_back t17_neckline_back a2_infront_back b21_infront_back t50_infront_back t57_infront_back
t61-b21-a2,t61_for_base_behind_front base_micro_mini_bottom_front t61_for_base_neckline_front a2_infront_front b21_infront_front,t61_for_base_behind_back base_micro_mini_bottom_back t61_for_base_neckline_back a2_infront_back b21_infront_back
a5-t61-b21-a2,t61_for_base_behind_front a5_behind_front base_micro_mini_bottom_front t61_for_base_neckline_front a2_infront_front b21_infront_front,t61_for_base_behind_back base_micro_mini_bottom_back t61_for_base_neckline_back a2_infront_back b21_infront_back a5_infront_back
t17-t61-b21-a2,t61_for_t17_behind_front t17_behind_front base_micro_mini_bottom_front t61_for_t17_neckline_front a2_infront_front b21_infront_front,t61_for_t17_behind_back t17_behind_back base_micro_mini_bottom_back t61_for_t17_neckline_back a2_infront_back b21_infront_back
a5-t17-t61-b21-a2,t61_for_t17_behind_front t17_behind_front a5_behind_front base_micro_mini_bottom_front t61_for_t17_neckline_front a2_infront_front b21_infront_front,t61_for_t17_behind_back t17_behind_back base_micro_mini_bottom_back t61_for_t17_neckline_back a2_infront_back b21_infront_back a5_infront_back
t57-t61-b21-a2,t61_for_base_behind_front base_micro_mini_bottom_front t61_for_base_neckline_front a2_infront_front b21_infront_front t57_infront_front,t61_for_base_behind_back t57_behind_back base_micro_mini_bottom_back t61_for_base_neckline_back a2_infront_back b21_infront_back t57_infront_back
t17-t57-t61-b21-a2,t61_for_t17_behind_front t17_behind_front base_micro_mini_bottom_front t61_for_t17_neckline_front a2_infront_front b21_infront_front t57_infront_front,t61_for_t17_behind_back t57_behind_back t17_behind_back base_micro_mini_bottom_back t61_for_t17_neckline_back a2_infront_back b21_infront_back t57_infront_back
a1-a2,base_micro_mini_bottom_front base_neckline_front a2_infront_front a1_infront_front,base_micro_mini_bottom_back base_neckline_back a2_infront_back a1_infront_back
t59-a1-a2,t59_behind_front base_micro_mini_bottom_front t59_neckline_front a2_infront_front a1_infront_front,t59_behind_back base_micro_mini_bottom_back t59_neckline_back a2_infront_back a1_infront_back
t9-a1-a2,t9_behind_front base_micro_mini_bottom_front t9_neckline_front a2_infront_front a1_infront_front,t9_behind_back base_micro_mini_bottom_back t9_neckline_back a2_infront_back a1_infront_back
t17-a1-a2,t17_behind_front base_micro_mini_bottom_front t17_neckline_front a2_infront_front a1_infront_front,t17_behind_back base_micro_mini_bottom_back t17_neckline_back a2_infront_back a1_infront_back
t20-a1-a2,t20_behind_front base_micro_mini_bottom_front t20_neckline_front a2_infront_front a1_infront_front,t20_behind_back base_micro_mini_bottom_back t20_neckline_back a2_infront_back a1_infront_back
t21-a1-a2,t21_behind_front base_micro_mini_bottom_front t21_neckline_front a2_infront_front a1_infront_front,t21_behind_back base_micro_mini_bottom_back t21_neckline_back a2_infront_back a1_infront_back
t61-a1-a2,t61_for_base_behind_front base_micro_mini_bottom_front t61_for_base_neckline_front a2_infront_front a1_infront_front,t61_for_base_behind_back base_micro_mini_bottom_back t61_for_base_neckline_back a2_infront_back a1_infront_back
t17-t61-a1-a2,t61_for_t17_behind_front t17_behind_front base_micro_mini_bottom_front t61_for_t17_neckline_front a2_infront_front a1_infront_front,t61_for_t17_behind_back t17_behind_back base_micro_mini_bottom_back t61_for_t17_neckline_back a2_infront_back a1_infront_back
b21-a1-a2,base_micro_mini_bottom_front base_neckline_front a2_infront_front a1_infront_front b21_infront_front,base_micro_mini_bottom_back base_neckline_back a2_infront_back a1_infront_back b21_infront_back
t59-b21-a1-a2,t59_behind_front base_micro_mini_bottom_front t59_neckline_front a2_infront_front a1_infront_front b21_infront_front,t59_behind_back base_micro_mini_bottom_back t59_neckline_back a2_infront_back a1_infront_back b21_infront_back
t9-b21-a1-a2,t9_behind_front base_micro_mini_bottom_front t9_neckline_front a2_infront_front a1_infront_front b21_infront_front,t9_behind_back base_micro_mini_bottom_back t9_neckline_back a2_infront_back a1_infront_back b21_infront_back
t17-b21-a1-a2,t17_behind_front base_micro_mini_bottom_front t17_neckline_front a2_infront_front a1_infront_front b21_infront_front,t17_behind_back base_micro_mini_bottom_back t17_neckline_back a2_infront_back a1_infront_back b21_infront_back
t20-b21-a1-a2,t20_behind_front base_micro_mini_bottom_front t20_neckline_front a2_infront_front a1_infront_front b21_infront_front,t20_behind_back base_micro_mini_bottom_back t20_neckline_back a2_infront_back a1_infront_back b21_infront_back
t21-b21-a1-a2,t21_behind_front base_micro_mini_bottom_front t21_neckline_front a2_infront_front a1_infront_front b21_infront_front,t21_behind_back base_micro_mini_bottom_back t21_neckline_back a2_infront_back a1_infront_back b21_infront_back
t61-b21-a1-a2,t61_for_base_behind_front base_micro_mini_bottom_front t61_for_base_neckline_front a2_infront_front a1_infront_front b21_infront_front,t61_for_base_behind_back base_micro_mini_bottom_back t61_for_base_neckline_back a2_infront_back a1_infront_back b21_infront_back
t17-t61-b21-a1-a2,t61_for_t17_behind_front t17_behind_front base_micro_mini_bottom_front t61_for_t17_neckline_front a2_infront_front a1_infront_front b21_infront_front,t61_for_t17_behind_back t17_behind_back base_micro_mini_bottom_back t61_for_t17_neckline_back a2_infront_back a1_infront_back b21_infront_back
t16,t16_behind_front base_micro_mini_bottom_front t16_neckline_front,t16_behind_back base_micro_mini_bottom_back t16_neckline_back
a5-t16,t16_behind_front a5_behind_front base_micro_mini_bottom_front t16_neckline_front,t16_behind_back base_micro_mini_bottom_back t16_neckline_back a5_infront_back
t38-t16,t16_behind_front base_micro_mini_bottom_front t16_neckline_front t38_infront_front,t16_behind_back base_micro_mini_bottom_back t16_neckline_back t38_infront_back
t57-t16,t16_behind_front base_micro_mini_bottom_front t16_neckline_front t57_infront_front,t16_behind_back t57_behind_back base_micro_mini_bottom_back t16_neckline_back t57_infront_back
t38-t57-t16,t16_behind_front base_micro_mini_bottom_front t16_neckline_front t57_infront_front t38_infront_front,t16_behind_back t57_behind_back base_micro_mini_bottom_back t16_neckline_back t57_infront_back t38_infront_back
t50-t16,t16_behind_front base_micro_mini_bottom_front t16_neckline_front t50_infront_front,t16_behind_back t50_behind_back base_micro_mini_bottom_back t16_neckline_back t50_infront_back
t57-t50-t16,t16_behind_front base_micro_mini_bottom_front t16_neckline_front t50_infront_front t57_infront_front,t16_behind_back t50_behind_back t57_behind_back base_micro_mini_bottom_back t16_neckline_back t50_infront_back t57_infront_back
t61-t16,t16_behind_front t61_for_t16_behind_front base_micro_mini_bottom_front t16_neckline_front,t16_behind_back t61_for_t16_behind_back base_micro_mini_bottom_back t16_neckline_back
a5-t61-t16,t16_behind_front t61_for_t16_behind_front a5_behind_front base_micro_mini_bottom_front t16_neckline_front,t16_behind_back t61_for_t16_behind_back base_micro_mini_bottom_back t16_neckline_back a5_infront_back
t57-t61-t16,t16_behind_front t61_for_t16_behind_front base_micro_mini_bottom_front t16_neckline_front t57_infront_front,t16_behind_back t61_for_t16_behind_back t57_behind_back base_micro_mini_bottom_back t16_neckline_back t57_infront_back
b21-t16,t16_behind_front base_micro_mini_bottom_front t16_neckline_front b21_infront_front,t16_behind_back base_micro_mini_bottom_back t16_neckline_back b21_infront_back
a5-b21-t16,t16_behind_front a5_behind_front base_micro_mini_bottom_front t16_neckline_front b21_infront_front,t16_behind_back base_micro_mini_bottom_back t16_neckline_back b21_infront_back a5_infront_back
t38-b21-t16,t16_behind_front base_micro_mini_bottom_front t16_neckline_front b21_infront_front t38_infront_front,t16_behind_back base_micro_mini_bottom_back t16_neckline_back b21_infront_back t38_infront_back
t57-b21-t16,t16_behind_front base_micro_mini_bottom_front t16_neckline_front b21_infront_front t57_infront_front,t16_behind_back t57_behind_back base_micro_mini_bottom_back t16_neckline_back b21_infront_back t57_infront_back
t38-t57-b21-t16,t16_behind_front base_micro_mini_bottom_front t16_neckline_front b21_infront_front t57_infront_front t38_infront_front,t16_behind_back t57_behind_back base_micro_mini_bottom_back t16_neckline_back b21_infront_back t57_infront_back t38_infront_back
t50-b21-t16,t16_behind_front base_micro_mini_bottom_front t16_neckline_front b21_infront_front t50_infront_front,t16_behind_back t50_behind_back base_micro_mini_bottom_back t16_neckline_back b21_infront_back t50_infront_back
t57-t50-b21-t16,t16_behind_front base_micro_mini_bottom_front t16_neckline_front b21_infront_front t50_infront_front t57_infront_front,t16_behind_back t50_behind_back t57_behind_back base_micro_mini_bottom_back t16_neckline_back b21_infront_back t50_infront_back t57_infront_back
t61-b21-t16,t16_behind_front t61_for_t16_behind_front base_micro_mini_bottom_front t16_neckline_front b21_infront_front,t16_behind_back t61_for_t16_behind_back base_micro_mini_bottom_back t16_neckline_back b21_infront_back
a5-t61-b21-t16,t16_behind_front t61_for_t16_behind_front a5_behind_front base_micro_mini_bottom_front t16_neckline_front b21_infront_front,t16_behind_back t61_for_t16_behind_back base_micro_mini_bottom_back t16_neckline_back b21_infront_back a5_infront_back
t57-t61-b21-t16,t16_behind_front t61_for_t16_behind_front base_micro_mini_bottom_front t16_neckline_front b21_infront_front t57_infront_front,t16_behind_back t61_for_t16_behind_back t57_behind_back base_micro_mini_bottom_back t16_neckline_back b21_infront_back t57_infront_back
a1-t16,t16_behind_front base_micro_mini_bottom_front t16_neckline_front a1_infront_front,t16_behind_back base_micro_mini_bottom_back t16_neckline_back a1_infront_back
t61-a1-t16,t16_behind_front t61_for_t16_behind_front base_micro_mini_bottom_front t16_neckline_front a1_infront_front,t16_behind_back t61_for_t16_behind_back base_micro_mini_bottom_back t16_neckline_back a1_infront_back
b21-a1-t16,t16_behind_front base_micro_mini_bottom_front t16_neckline_front a1_infront_front b21_infront_front,t16_behind_back base_micro_mini_bottom_back t16_neckline_back a1_infront_back b21_infront_back
t61-b21-a1-t16,t16_behind_front t61_for_t16_behind_front base_micro_mini_bottom_front t16_neckline_front a1_infront_front b21_infront_front,t16_behind_back t61_for_t16_behind_back base_micro_mini_bottom_back t16_neckline_back a1_infront_back b21_infront_back
a2-t16,t16_behind_front base_micro_mini_bottom_front t16_neckline_front a2_infront_front,t16_behind_back base_micro_mini_bottom_back t16_neckline_back a2_infront_back
a5-a2-t16,t16_behind_front a5_behind_front base_micro_mini_bottom_front t16_neckline_front a2_infront_front,t16_behind_back base_micro_mini_bottom_back t16_neckline_back a2_infront_back a5_infront_back
t38-a2-t16,t16_behind_front base_micro_mini_bottom_front t16_neckline_front a2_infront_front t38_infront_front,t16_behind_back base_micro_mini_bottom_back t16_neckline_back a2_infront_back t38_infront_back
t57-a2-t16,t16_behind_front base_micro_mini_bottom_front t16_neckline_front a2_infront_front t57_infront_front,t16_behind_back t57_behind_back base_micro_mini_bottom_back t16_neckline_back a2_infront_back t57_infront_back
t38-t57-a2-t16,t16_behind_front base_micro_mini_bottom_front t16_neckline_front a2_infront_front t57_infront_front t38_infront_front,t16_behind_back t57_behind_back base_micro_mini_bottom_back t16_neckline_back a2_infront_back t57_infront_back t38_infront_back
t50-a2-t16,t16_behind_front base_micro_mini_bottom_front t16_neckline_front a2_infront_front t50_infront_front,t16_behind_back t50_behind_back base_micro_mini_bottom_back t16_neckline_back a2_infront_back t50_infront_back
t57-t50-a2-t16,t16_behind_front base_micro_mini_bottom_front t16_neckline_front a2_infront_front t50_infront_front t57_infront_front,t16_behind_back t50_behind_back t57_behind_back base_micro_mini_bottom_back t16_neckline_back a2_infront_back t50_infront_back t57_infront_back
t61-a2-t16,t16_behind_front t61_for_t16_behind_front base_micro_mini_bottom_front t16_neckline_front a2_infront_front,t16_behind_back t61_for_t16_behind_back base_micro_mini_bottom_back t16_neckline_back a2_infront_back
a5-t61-a2-t16,t16_behind_front t61_for_t16_behind_front a5_behind_front base_micro_mini_bottom_front t16_neckline_front a2_infront_front,t16_behind_back t61_for_t16_behind_back base_micro_mini_bottom_back t16_neckline_back a2_infront_back a5_infront_back
t57-t61-a2-t16,t16_behind_front t61_for_t16_behind_front base_micro_mini_bottom_front t16_neckline_front a2_infront_front t57_infront_front,t16_behind_back t61_for_t16_behind_back t57_behind_back base_micro_mini_bottom_back t16_neckline_back a2_infront_back t57_infront_back
b21-a2-t16,t16_behind_front base_micro_mini_bottom_front t16_neckline_front a2_infront_front b21_infront_front,t16_behind_back base_micro_mini_bottom_back t16_neckline_back a2_infront_back b21_infront_back
a5-b21-a2-t16,t16_behind_front a5_behind_front base_micro_mini_bottom_front t16_neckline_front a2_infront_front b21_infront_front,t16_behind_back base_micro_mini_bottom_back t16_neckline_back a2_infront_back b21_infront_back a5_infront_back
t38-b21-a2-t16,t16_behind_front base_micro_mini_bottom_front t16_neckline_front a2_infront_front b21_infront_front t38_infront_front,t16_behind_back base_micro_mini_bottom_back t16_neckline_back a2_infront_back b21_infront_back t38_infront_back
t57-b21-a2-t16,t16_behind_front base_micro_mini_bottom_front t16_neckline_front a2_infront_front b21_infront_front t57_infront_front,t16_behind_back t57_behind_back base_micro_mini_bottom_back t16_neckline_back a2_infront_back b21_infront_back t57_infront_back
t38-t57-b21-a2-t16,t16_behind_front base_micro_mini_bottom_front t16_neckline_front a2_infront_front b21_infront_front t57_infront_front t38_infront_front,t16_behind_back t57_behind_back base_micro_mini_bottom_back t16_neckline_back a2_infront_back b21_infront_back t57_infront_back t38_infront_back
t50-b21-a2-t16,t16_behind_front base_micro_mini_bottom_front t16_neckline_front a2_infront_front b21_infront_front t50_infront_front,t16_behind_back t50_behind_back base_micro_mini_bottom_back t16_neckline_back a2_infront_back b21_infront_back t50_infront_back
t57-t50-b21-a2-t16,t16_behind_front base_micro_mini_bottom_front t16_neckline_front a2_infront_front b21_infront_front t50_infront_front t57_infront_front,t16_behind_back t50_behind_back t57_behind_back base_micro_mini_bottom_back t16_neckline_back a2_infront_back b21_infront_back t50_infront_back t57_infront_back
t61-b21-a2-t16,t16_behind_front t61_for_t16_behind_front base_micro_mini_bottom_front t16_neckline_front a2_infront_front b21_infront_front,t16_behind_back t61_for_t16_behind_back base_micro_mini_bottom_back t16_neckline_back a2_infront_back b21_infront_back
a5-t61-b21-a2-t16,t16_behind_front t61_for_t16_behind_front a5_behind_front base_micro_mini_bottom_front t16_neckline_front a2_infront_front b21_infront_front,t16_behind_back t61_for_t16_behind_back base_micro_mini_bottom_back t16_neckline_back a2_infront_back b21_infront_back a5_infront_back
t57-t61-b21-a2-t16,t16_behind_front t61_for_t16_behind_front base_micro_mini_bottom_front t16_neckline_front a2_infront_front b21_infront_front t57_infront_front,t16_behind_back t61_for_t16_behind_back t57_behind_back base_micro_mini_bottom_back t16_neckline_back a2_infront_back b21_infront_back t57_infront_back
a1-a2-t16,t16_behind_front base_micro_mini_bottom_front t16_neckline_front a2_infront_front a1_infront_front,t16_behind_back base_micro_mini_bottom_back t16_neckline_back a2_infront_back a1_infront_back
t61-a1-a2-t16,t16_behind_front t61_for_t16_behind_front base_micro_mini_bottom_front t16_neckline_front a2_infront_front a1_infront_front,t16_behind_back t61_for_t16_behind_back base_micro_mini_bottom_back t16_neckline_back a2_infront_back a1_infront_back
b21-a1-a2-t16,t16_behind_front base_micro_mini_bottom_front t16_neckline_front a2_infront_front a1_infront_front b21_infront_front,t16_behind_back base_micro_mini_bottom_back t16_neckline_back a2_infront_back a1_infront_back b21_infront_back
t61-b21-a1-a2-t16,t16_behind_front t61_for_t16_behind_front base_micro_mini_bottom_front t16_neckline_front a2_infront_front a1_infront_front b21_infront_front,t16_behind_back t61_for_t16_behind_back base_micro_mini_bottom_back t16_neckline_back a2_infront_back a1_infront_back b21_infront_back
