t7,base_micro_mini_bottom_front t7_belt_front t7_neckline_front,base_micro_mini_bottom_back t7_belt_back t7_neckline_back
t22,base_micro_mini_bottom_front base_belt_front t22_neckline_front,base_micro_mini_bottom_back base_belt_back t22_for_base_neckline_back
t14,base_micro_mini_bottom_front base_belt_front t14_neckline_front,base_micro_mini_bottom_back base_belt_back t14_neckline_back
t22-t14,base_micro_mini_bottom_front base_belt_front t14_neckline_front,base_micro_mini_bottom_back base_belt_back t14_neckline_back
t54,base_micro_mini_bottom_front base_belt_front t54_for_base_neckline_front,base_micro_mini_bottom_back base_belt_back t54_for_base_neckline_back
t22-t54,base_micro_mini_bottom_front base_belt_front t54_for_t22_neckline_front,base_micro_mini_bottom_back base_belt_back t54_for_t22_base_neckline_back
t14-t54,base_micro_mini_bottom_front base_belt_front t54_for_t14_neckline_front,base_micro_mini_bottom_back base_belt_back t54_for_t14_neckline_back
t22-t14-t54,base_micro_mini_bottom_front base_belt_front t54_for_t14_t22_neckline_front,base_micro_mini_bottom_back base_belt_back t54_for_t22_t14_neckline_back
b5,b5_micro_mini_flared_bottom_front base_belt_front base_neckline_front,b5_micro_mini_flared_bottom_back base_belt_back base_neckline_back
t7-b5,b5_micro_mini_flared_bottom_front t7_belt_front t7_neckline_front,b5_micro_mini_flared_bottom_back t7_belt_back t7_neckline_back
t22-b5,b5_micro_mini_flared_bottom_front base_belt_front t22_neckline_front,b5_micro_mini_flared_bottom_back base_belt_back t22_for_base_neckline_back
t14-b5,b5_micro_mini_flared_bottom_front base_belt_front t14_neckline_front,b5_micro_mini_flared_bottom_back base_belt_back t14_neckline_back
t22-t14-b5,b5_micro_mini_flared_bottom_front base_belt_front t14_neckline_front,b5_micro_mini_flared_bottom_back base_belt_back t14_neckline_back
t54-b5,b5_micro_mini_flared_bottom_front base_belt_front t54_for_base_neckline_front,b5_micro_mini_flared_bottom_back base_belt_back t54_for_base_neckline_back
t22-t54-b5,b5_micro_mini_flared_bottom_front base_belt_front t54_for_t22_neckline_front,b5_micro_mini_flared_bottom_back base_belt_back t54_for_t22_base_neckline_back
t14-t54-b5,b5_micro_mini_flared_bottom_front base_belt_front t54_for_t14_neckline_front,b5_micro_mini_flared_bottom_back base_belt_back t54_for_t14_neckline_back
t22-t14-t54-b5,b5_micro_mini_flared_bottom_front base_belt_front t54_for_t14_t22_neckline_front,b5_micro_mini_flared_bottom_back base_belt_back t54_for_t22_t14_neckline_back
b12,base_micro_mini_bottom_front base_belt_front base_neckline_front,base_micro_mini_bottom_back base_belt_back base_neckline_back
t7-b12,base_micro_mini_bottom_front t7_belt_front t7_neckline_front,base_micro_mini_bottom_back t7_belt_back t7_neckline_back
t22-b12,base_micro_mini_bottom_front base_belt_front t22_neckline_front,base_micro_mini_bottom_back base_belt_back t22_for_base_neckline_back
t14-b12,base_micro_mini_bottom_front base_belt_front t14_neckline_front,base_micro_mini_bottom_back base_belt_back t14_neckline_back
t22-t14-b12,base_micro_mini_bottom_front base_belt_front t14_neckline_front,base_micro_mini_bottom_back base_belt_back t14_neckline_back
t54-b12,base_micro_mini_bottom_front base_belt_front t54_for_base_neckline_front,base_micro_mini_bottom_back base_belt_back t54_for_base_neckline_back
t22-t54-b12,base_micro_mini_bottom_front base_belt_front t54_for_t22_neckline_front,base_micro_mini_bottom_back base_belt_back t54_for_t22_base_neckline_back
t14-t54-b12,base_micro_mini_bottom_front base_belt_front t54_for_t14_neckline_front,base_micro_mini_bottom_back base_belt_back t54_for_t14_neckline_back
t22-t14-t54-b12,base_micro_mini_bottom_front base_belt_front t54_for_t14_t22_neckline_front,base_micro_mini_bottom_back base_belt_back t54_for_t22_t14_neckline_back
b5-b12,b5_micro_mini_flared_bottom_front base_belt_front base_neckline_front,b5_micro_mini_flared_bottom_back base_belt_back base_neckline_back
t7-b5-b12,b5_micro_mini_flared_bottom_front t7_belt_front t7_neckline_front,b5_micro_mini_flared_bottom_back t7_belt_back t7_neckline_back
t22-b5-b12,b5_micro_mini_flared_bottom_front base_belt_front t22_neckline_front,b5_micro_mini_flared_bottom_back base_belt_back t22_for_base_neckline_back
t14-b5-b12,b5_micro_mini_flared_bottom_front base_belt_front t14_neckline_front,b5_micro_mini_flared_bottom_back base_belt_back t14_neckline_back
t22-t14-b5-b12,b5_micro_mini_flared_bottom_front base_belt_front t14_neckline_front,b5_micro_mini_flared_bottom_back base_belt_back t14_neckline_back
t54-b5-b12,b5_micro_mini_flared_bottom_front base_belt_front t54_for_base_neckline_front,b5_micro_mini_flared_bottom_back base_belt_back t54_for_base_neckline_back
t22-t54-b5-b12,b5_micro_mini_flared_bottom_front base_belt_front t54_for_t22_neckline_front,b5_micro_mini_flared_bottom_back base_belt_back t54_for_t22_base_neckline_back
t14-t54-b5-b12,b5_micro_mini_flared_bottom_front base_belt_front t54_for_t14_neckline_front,b5_micro_mini_flared_bottom_back base_belt_back t54_for_t14_neckline_back
t22-t14-t54-b5-b12,b5_micro_mini_flared_bottom_front base_belt_front t54_for_t14_t22_neckline_front,b5_micro_mini_flared_bottom_back base_belt_back t54_for_t22_t14_neckline_back
t26,base_micro_mini_bottom_front base_belt_front t26_neckline_front,base_micro_mini_bottom_back base_belt_back t26_base_neckline_back
t14-t26,base_micro_mini_bottom_front base_belt_front t26_for_t14_neckline_front,base_micro_mini_bottom_back base_belt_back t26_for_t14_neckline_back
t54-t26,base_micro_mini_bottom_front base_belt_front t26_neckline_front,base_micro_mini_bottom_back base_belt_back t26_base_neckline_back
t14-t54-t26,base_micro_mini_bottom_front base_belt_front t26_for_t14_neckline_front,base_micro_mini_bottom_back base_belt_back t26_for_t14_neckline_back
b5-t26,b5_micro_mini_flared_bottom_front base_belt_front t26_neckline_front,b5_micro_mini_flared_bottom_back base_belt_back t26_base_neckline_back
t14-b5-t26,b5_micro_mini_flared_bottom_front base_belt_front t26_for_t14_neckline_front,b5_micro_mini_flared_bottom_back base_belt_back t26_for_t14_neckline_back
t54-b5-t26,b5_micro_mini_flared_bottom_front base_belt_front t26_neckline_front,b5_micro_mini_flared_bottom_back base_belt_back t26_base_neckline_back
t14-t54-b5-t26,b5_micro_mini_flared_bottom_front base_belt_front t26_for_t14_neckline_front,b5_micro_mini_flared_bottom_back base_belt_back t26_for_t14_neckline_back
b12-t26,base_micro_mini_bottom_front base_belt_front t26_neckline_front,base_micro_mini_bottom_back base_belt_back t26_base_neckline_back
t14-b12-t26,base_micro_mini_bottom_front base_belt_front t26_for_t14_neckline_front,base_micro_mini_bottom_back base_belt_back t26_for_t14_neckline_back
t54-b12-t26,base_micro_mini_bottom_front base_belt_front t26_neckline_front,base_micro_mini_bottom_back base_belt_back t26_base_neckline_back
t14-t54-b12-t26,base_micro_mini_bottom_front base_belt_front t26_for_t14_neckline_front,base_micro_mini_bottom_back base_belt_back t26_for_t14_neckline_back
b5-b12-t26,b5_micro_mini_flared_bottom_front base_belt_front t26_neckline_front,b5_micro_mini_flared_bottom_back base_belt_back t26_base_neckline_back
t14-b5-b12-t26,b5_micro_mini_flared_bottom_front base_belt_front t26_for_t14_neckline_front,b5_micro_mini_flared_bottom_back base_belt_back t26_for_t14_neckline_back
t54-b5-b12-t26,b5_micro_mini_flared_bottom_front base_belt_front t26_neckline_front,b5_micro_mini_flared_bottom_back base_belt_back t26_base_neckline_back
t14-t54-b5-b12-t26,b5_micro_mini_flared_bottom_front base_belt_front t26_for_t14_neckline_front,b5_micro_mini_flared_bottom_back base_belt_back t26_for_t14_neckline_back
t33,base_micro_mini_bottom_front base_belt_front base_neckline_front t33_infront_front,base_micro_mini_bottom_back base_belt_back base_neckline_back t33_infront_back
t14-t33,base_micro_mini_bottom_front base_belt_front t14_neckline_front t33_infront_front,base_micro_mini_bottom_back base_belt_back t14_neckline_back t33_infront_back
t54-t33,base_micro_mini_bottom_front base_belt_front t54_for_base_neckline_front t33_infront_front,base_micro_mini_bottom_back base_belt_back t54_for_base_neckline_back t33_infront_back
t14-t54-t33,base_micro_mini_bottom_front base_belt_front t54_for_t14_neckline_front t33_infront_front,base_micro_mini_bottom_back base_belt_back t54_for_t14_neckline_back t33_infront_back
b5-t33,b5_micro_mini_flared_bottom_front base_belt_front base_neckline_front t33_infront_front,b5_micro_mini_flared_bottom_back base_belt_back base_neckline_back t33_infront_back
t14-b5-t33,b5_micro_mini_flared_bottom_front base_belt_front t14_neckline_front t33_infront_front,b5_micro_mini_flared_bottom_back base_belt_back t14_neckline_back t33_infront_back
t54-b5-t33,b5_micro_mini_flared_bottom_front base_belt_front t54_for_base_neckline_front t33_infront_front,b5_micro_mini_flared_bottom_back base_belt_back t54_for_base_neckline_back t33_infront_back
t14-t54-b5-t33,b5_micro_mini_flared_bottom_front base_belt_front t54_for_t14_neckline_front t33_infront_front,b5_micro_mini_flared_bottom_back base_belt_back t54_for_t14_neckline_back t33_infront_back
b12-t33,base_micro_mini_bottom_front base_belt_front base_neckline_front t33_infront_front,base_micro_mini_bottom_back base_belt_back base_neckline_back t33_infront_back
t14-b12-t33,base_micro_mini_bottom_front base_belt_front t14_neckline_front t33_infront_front,base_micro_mini_bottom_back base_belt_back t14_neckline_back t33_infront_back
t54-b12-t33,base_micro_mini_bottom_front base_belt_front t54_for_base_neckline_front t33_infront_front,base_micro_mini_bottom_back base_belt_back t54_for_base_neckline_back t33_infront_back
t14-t54-b12-t33,base_micro_mini_bottom_front base_belt_front t54_for_t14_neckline_front t33_infront_front,base_micro_mini_bottom_back base_belt_back t54_for_t14_neckline_back t33_infront_back
b5-b12-t33,b5_micro_mini_flared_bottom_front base_belt_front base_neckline_front t33_infront_front,b5_micro_mini_flared_bottom_back base_belt_back base_neckline_back t33_infront_back
t14-b5-b12-t33,b5_micro_mini_flared_bottom_front base_belt_front t14_neckline_front t33_infront_front,b5_micro_mini_flared_bottom_back base_belt_back t14_neckline_back t33_infront_back
t54-b5-b12-t33,b5_micro_mini_flared_bottom_front base_belt_front t54_for_base_neckline_front t33_infront_front,b5_micro_mini_flared_bottom_back base_belt_back t54_for_base_neckline_back t33_infront_back
t14-t54-b5-b12-t33,b5_micro_mini_flared_bottom_front base_belt_front t54_for_t14_neckline_front t33_infront_front,b5_micro_mini_flared_bottom_back base_belt_back t54_for_t14_neckline_back t33_infront_back
b9,b9_micro_mini_bottom_front b9_belt_front base_neckline_front,b9_micro_mini_bottom_back b9_belt_back base_neckline_back
t22-b9,b9_micro_mini_bottom_front b9_belt_front t22_neckline_front,b9_micro_mini_bottom_back b9_belt_back t22_for_base_neckline_back
t14-b9,b9_micro_mini_bottom_front b9_belt_front t14_neckline_front,b9_micro_mini_bottom_back b9_belt_back t14_neckline_back
t22-t14-b9,b9_micro_mini_bottom_front b9_belt_front t14_neckline_front,b9_micro_mini_bottom_back b9_belt_back t14_neckline_back
t54-b9,b9_micro_mini_bottom_front b9_belt_front t54_for_base_neckline_front,b9_micro_mini_bottom_back b9_belt_back t54_for_base_neckline_back
t22-t54-b9,b9_micro_mini_bottom_front b9_belt_front t54_for_t22_neckline_front,b9_micro_mini_bottom_back b9_belt_back t54_for_t22_base_neckline_back
t14-t54-b9,b9_micro_mini_bottom_front b9_belt_front t54_for_t14_neckline_front,b9_micro_mini_bottom_back b9_belt_back t54_for_t14_neckline_back
t22-t14-t54-b9,b9_micro_mini_bottom_front b9_belt_front t54_for_t14_t22_neckline_front,b9_micro_mini_bottom_back b9_belt_back t54_for_t22_t14_neckline_back
b12-b9,b9_micro_mini_bottom_front b9_belt_front base_neckline_front,b9_micro_mini_bottom_back b9_belt_back base_neckline_back
t22-b12-b9,b9_micro_mini_bottom_front b9_belt_front t22_neckline_front,b9_micro_mini_bottom_back b9_belt_back t22_for_base_neckline_back
t14-b12-b9,b9_micro_mini_bottom_front b9_belt_front t14_neckline_front,b9_micro_mini_bottom_back b9_belt_back t14_neckline_back
t22-t14-b12-b9,b9_micro_mini_bottom_front b9_belt_front t14_neckline_front,b9_micro_mini_bottom_back b9_belt_back t14_neckline_back
t54-b12-b9,b9_micro_mini_bottom_front b9_belt_front t54_for_base_neckline_front,b9_micro_mini_bottom_back b9_belt_back t54_for_base_neckline_back
t22-t54-b12-b9,b9_micro_mini_bottom_front b9_belt_front t54_for_t22_neckline_front,b9_micro_mini_bottom_back b9_belt_back t54_for_t22_base_neckline_back
t14-t54-b12-b9,b9_micro_mini_bottom_front b9_belt_front t54_for_t14_neckline_front,b9_micro_mini_bottom_back b9_belt_back t54_for_t14_neckline_back
t22-t14-t54-b12-b9,b9_micro_mini_bottom_front b9_belt_front t54_for_t14_t22_neckline_front,b9_micro_mini_bottom_back b9_belt_back t54_for_t22_t14_neckline_back
t26-b9,b9_micro_mini_bottom_front b9_belt_front t26_neckline_front,b9_micro_mini_bottom_back b9_belt_back t26_base_neckline_back
t14-t26-b9,b9_micro_mini_bottom_front b9_belt_front t26_for_t14_neckline_front,b9_micro_mini_bottom_back b9_belt_back t26_for_t14_neckline_back
t54-t26-b9,b9_micro_mini_bottom_front b9_belt_front t26_neckline_front,b9_micro_mini_bottom_back b9_belt_back t26_base_neckline_back
t14-t54-t26-b9,b9_micro_mini_bottom_front b9_belt_front t26_for_t14_neckline_front,b9_micro_mini_bottom_back b9_belt_back t26_for_t14_neckline_back
b12-t26-b9,b9_micro_mini_bottom_front b9_belt_front t26_neckline_front,b9_micro_mini_bottom_back b9_belt_back t26_base_neckline_back
t14-b12-t26-b9,b9_micro_mini_bottom_front b9_belt_front t26_for_t14_neckline_front,b9_micro_mini_bottom_back b9_belt_back t26_for_t14_neckline_back
t54-b12-t26-b9,b9_micro_mini_bottom_front b9_belt_front t26_neckline_front,b9_micro_mini_bottom_back b9_belt_back t26_base_neckline_back
t14-t54-b12-t26-b9,b9_micro_mini_bottom_front b9_belt_front t26_for_t14_neckline_front,b9_micro_mini_bottom_back b9_belt_back t26_for_t14_neckline_back
t33-b9,b9_micro_mini_bottom_front b9_belt_front base_neckline_front t33_infront_front,b9_micro_mini_bottom_back b9_belt_back base_neckline_back t33_infront_back
t14-t33-b9,b9_micro_mini_bottom_front b9_belt_front t14_neckline_front t33_infront_front,b9_micro_mini_bottom_back b9_belt_back t14_neckline_back t33_infront_back
t54-t33-b9,b9_micro_mini_bottom_front b9_belt_front t54_for_base_neckline_front t33_infront_front,b9_micro_mini_bottom_back b9_belt_back t54_for_base_neckline_back t33_infront_back
t14-t54-t33-b9,b9_micro_mini_bottom_front b9_belt_front t54_for_t14_neckline_front t33_infront_front,b9_micro_mini_bottom_back b9_belt_back t54_for_t14_neckline_back t33_infront_back
b12-t33-b9,b9_micro_mini_bottom_front b9_belt_front base_neckline_front t33_infront_front,b9_micro_mini_bottom_back b9_belt_back base_neckline_back t33_infront_back
t14-b12-t33-b9,b9_micro_mini_bottom_front b9_belt_front t14_neckline_front t33_infront_front,b9_micro_mini_bottom_back b9_belt_back t14_neckline_back t33_infront_back
t54-b12-t33-b9,b9_micro_mini_bottom_front b9_belt_front t54_for_base_neckline_front t33_infront_front,b9_micro_mini_bottom_back b9_belt_back t54_for_base_neckline_back t33_infront_back
t14-t54-b12-t33-b9,b9_micro_mini_bottom_front b9_belt_front t54_for_t14_neckline_front t33_infront_front,b9_micro_mini_bottom_back b9_belt_back t54_for_t14_neckline_back t33_infront_back
a6,base_micro_mini_bottom_front base_belt_front base_neckline_front,base_micro_mini_bottom_back base_belt_back base_neckline_back a6_infront_back
t7-a6,base_micro_mini_bottom_front t7_belt_front t7_neckline_front,base_micro_mini_bottom_back t7_belt_back t7_neckline_back a6_infront_back
t22-a6,base_micro_mini_bottom_front base_belt_front t22_neckline_front,base_micro_mini_bottom_back base_belt_back t22_for_base_neckline_back a6_infront_back
t14-a6,base_micro_mini_bottom_front base_belt_front t14_neckline_front,base_micro_mini_bottom_back base_belt_back t14_neckline_back a6_infront_back
t22-t14-a6,base_micro_mini_bottom_front base_belt_front t14_neckline_front,base_micro_mini_bottom_back base_belt_back t14_neckline_back a6_infront_back
t54-a6,base_micro_mini_bottom_front base_belt_front t54_for_base_neckline_front,base_micro_mini_bottom_back base_belt_back t54_for_base_neckline_back a6_infront_back
t22-t54-a6,base_micro_mini_bottom_front base_belt_front t54_for_t22_neckline_front,base_micro_mini_bottom_back base_belt_back t54_for_t22_base_neckline_back a6_infront_back
t14-t54-a6,base_micro_mini_bottom_front base_belt_front t54_for_t14_neckline_front,base_micro_mini_bottom_back base_belt_back t54_for_t14_neckline_back a6_infront_back
t22-t14-t54-a6,base_micro_mini_bottom_front base_belt_front t54_for_t14_t22_neckline_front,base_micro_mini_bottom_back base_belt_back t54_for_t22_t14_neckline_back a6_infront_back
b5-a6,b5_micro_mini_flared_bottom_front base_belt_front base_neckline_front,b5_micro_mini_flared_bottom_back base_belt_back base_neckline_back a6_infront_back
t7-b5-a6,b5_micro_mini_flared_bottom_front t7_belt_front t7_neckline_front,b5_micro_mini_flared_bottom_back t7_belt_back t7_neckline_back a6_infront_back
t22-b5-a6,b5_micro_mini_flared_bottom_front base_belt_front t22_neckline_front,b5_micro_mini_flared_bottom_back base_belt_back t22_for_base_neckline_back a6_infront_back
t14-b5-a6,b5_micro_mini_flared_bottom_front base_belt_front t14_neckline_front,b5_micro_mini_flared_bottom_back base_belt_back t14_neckline_back a6_infront_back
t22-t14-b5-a6,b5_micro_mini_flared_bottom_front base_belt_front t14_neckline_front,b5_micro_mini_flared_bottom_back base_belt_back t14_neckline_back a6_infront_back
t54-b5-a6,b5_micro_mini_flared_bottom_front base_belt_front t54_for_base_neckline_front,b5_micro_mini_flared_bottom_back base_belt_back t54_for_base_neckline_back a6_infront_back
t22-t54-b5-a6,b5_micro_mini_flared_bottom_front base_belt_front t54_for_t22_neckline_front,b5_micro_mini_flared_bottom_back base_belt_back t54_for_t22_base_neckline_back a6_infront_back
t14-t54-b5-a6,b5_micro_mini_flared_bottom_front base_belt_front t54_for_t14_neckline_front,b5_micro_mini_flared_bottom_back base_belt_back t54_for_t14_neckline_back a6_infront_back
t22-t14-t54-b5-a6,b5_micro_mini_flared_bottom_front base_belt_front t54_for_t14_t22_neckline_front,b5_micro_mini_flared_bottom_back base_belt_back t54_for_t22_t14_neckline_back a6_infront_back
t26-a6,base_micro_mini_bottom_front base_belt_front t26_neckline_front,base_micro_mini_bottom_back base_belt_back t26_base_neckline_back a6_infront_back
t14-t26-a6,base_micro_mini_bottom_front base_belt_front t26_for_t14_neckline_front,base_micro_mini_bottom_back base_belt_back t26_for_t14_neckline_back a6_infront_back
t54-t26-a6,base_micro_mini_bottom_front base_belt_front t26_neckline_front,base_micro_mini_bottom_back base_belt_back t26_base_neckline_back a6_infront_back
t14-t54-t26-a6,base_micro_mini_bottom_front base_belt_front t26_for_t14_neckline_front,base_micro_mini_bottom_back base_belt_back t26_for_t14_neckline_back a6_infront_back
b5-t26-a6,b5_micro_mini_flared_bottom_front base_belt_front t26_neckline_front,b5_micro_mini_flared_bottom_back base_belt_back t26_base_neckline_back a6_infront_back
t14-b5-t26-a6,b5_micro_mini_flared_bottom_front base_belt_front t26_for_t14_neckline_front,b5_micro_mini_flared_bottom_back base_belt_back t26_for_t14_neckline_back a6_infront_back
t54-b5-t26-a6,b5_micro_mini_flared_bottom_front base_belt_front t26_neckline_front,b5_micro_mini_flared_bottom_back base_belt_back t26_base_neckline_back a6_infront_back
t14-t54-b5-t26-a6,b5_micro_mini_flared_bottom_front base_belt_front t26_for_t14_neckline_front,b5_micro_mini_flared_bottom_back base_belt_back t26_for_t14_neckline_back a6_infront_back
t33-a6,base_micro_mini_bottom_front base_belt_front base_neckline_front t33_infront_front,base_micro_mini_bottom_back base_belt_back base_neckline_back a6_infront_back t33_infront_back
t14-t33-a6,base_micro_mini_bottom_front base_belt_front t14_neckline_front t33_infront_front,base_micro_mini_bottom_back base_belt_back t14_neckline_back a6_infront_back t33_infront_back
t54-t33-a6,base_micro_mini_bottom_front base_belt_front t54_for_base_neckline_front t33_infront_front,base_micro_mini_bottom_back base_belt_back t54_for_base_neckline_back a6_infront_back t33_infront_back
t14-t54-t33-a6,base_micro_mini_bottom_front base_belt_front t54_for_t14_neckline_front t33_infront_front,base_micro_mini_bottom_back base_belt_back t54_for_t14_neckline_back a6_infront_back t33_infront_back
b5-t33-a6,b5_micro_mini_flared_bottom_front base_belt_front base_neckline_front t33_infront_front,b5_micro_mini_flared_bottom_back base_belt_back base_neckline_back a6_infront_back t33_infront_back
t14-b5-t33-a6,b5_micro_mini_flared_bottom_front base_belt_front t14_neckline_front t33_infront_front,b5_micro_mini_flared_bottom_back base_belt_back t14_neckline_back a6_infront_back t33_infront_back
t54-b5-t33-a6,b5_micro_mini_flared_bottom_front base_belt_front t54_for_base_neckline_front t33_infront_front,b5_micro_mini_flared_bottom_back base_belt_back t54_for_base_neckline_back a6_infront_back t33_infront_back
t14-t54-b5-t33-a6,b5_micro_mini_flared_bottom_front base_belt_front t54_for_t14_neckline_front t33_infront_front,b5_micro_mini_flared_bottom_back base_belt_back t54_for_t14_neckline_back a6_infront_back t33_infront_back
a1,base_micro_mini_bottom_front base_belt_front base_neckline_front a1_infront_front,base_micro_mini_bottom_back base_belt_back base_neckline_back a1_infront_back
t7-a1,base_micro_mini_bottom_front t7_belt_front t7_neckline_front a1_infront_front,base_micro_mini_bottom_back t7_belt_back t7_neckline_back a1_infront_back
t22-a1,base_micro_mini_bottom_front base_belt_front t22_neckline_front a1_infront_front,base_micro_mini_bottom_back base_belt_back t22_for_base_neckline_back a1_infront_back
t14-a1,base_micro_mini_bottom_front base_belt_front t14_neckline_front a1_infront_front,base_micro_mini_bottom_back base_belt_back t14_neckline_back a1_infront_back
t22-t14-a1,base_micro_mini_bottom_front base_belt_front t14_neckline_front a1_infront_front,base_micro_mini_bottom_back base_belt_back t14_neckline_back a1_infront_back
t54-a1,base_micro_mini_bottom_front base_belt_front t54_for_base_neckline_front a1_infront_front,base_micro_mini_bottom_back base_belt_back t54_for_base_neckline_back a1_infront_back
t22-t54-a1,base_micro_mini_bottom_front base_belt_front t54_for_t22_neckline_front a1_infront_front,base_micro_mini_bottom_back base_belt_back t54_for_t22_base_neckline_back a1_infront_back
t14-t54-a1,base_micro_mini_bottom_front base_belt_front t54_for_t14_neckline_front a1_infront_front,base_micro_mini_bottom_back base_belt_back t54_for_t14_neckline_back a1_infront_back
t22-t14-t54-a1,base_micro_mini_bottom_front base_belt_front t54_for_t14_t22_neckline_front a1_infront_front,base_micro_mini_bottom_back base_belt_back t54_for_t22_t14_neckline_back a1_infront_back
b5-a1,b5_micro_mini_flared_bottom_front base_belt_front base_neckline_front a1_infront_front,b5_micro_mini_flared_bottom_back base_belt_back base_neckline_back a1_infront_back
t7-b5-a1,b5_micro_mini_flared_bottom_front t7_belt_front t7_neckline_front a1_infront_front,b5_micro_mini_flared_bottom_back t7_belt_back t7_neckline_back a1_infront_back
t22-b5-a1,b5_micro_mini_flared_bottom_front base_belt_front t22_neckline_front a1_infront_front,b5_micro_mini_flared_bottom_back base_belt_back t22_for_base_neckline_back a1_infront_back
t14-b5-a1,b5_micro_mini_flared_bottom_front base_belt_front t14_neckline_front a1_infront_front,b5_micro_mini_flared_bottom_back base_belt_back t14_neckline_back a1_infront_back
t22-t14-b5-a1,b5_micro_mini_flared_bottom_front base_belt_front t14_neckline_front a1_infront_front,b5_micro_mini_flared_bottom_back base_belt_back t14_neckline_back a1_infront_back
t54-b5-a1,b5_micro_mini_flared_bottom_front base_belt_front t54_for_base_neckline_front a1_infront_front,b5_micro_mini_flared_bottom_back base_belt_back t54_for_base_neckline_back a1_infront_back
t22-t54-b5-a1,b5_micro_mini_flared_bottom_front base_belt_front t54_for_t22_neckline_front a1_infront_front,b5_micro_mini_flared_bottom_back base_belt_back t54_for_t22_base_neckline_back a1_infront_back
t14-t54-b5-a1,b5_micro_mini_flared_bottom_front base_belt_front t54_for_t14_neckline_front a1_infront_front,b5_micro_mini_flared_bottom_back base_belt_back t54_for_t14_neckline_back a1_infront_back
t22-t14-t54-b5-a1,b5_micro_mini_flared_bottom_front base_belt_front t54_for_t14_t22_neckline_front a1_infront_front,b5_micro_mini_flared_bottom_back base_belt_back t54_for_t22_t14_neckline_back a1_infront_back
b12-a1,base_micro_mini_bottom_front base_belt_front base_neckline_front a1_infront_front,base_micro_mini_bottom_back base_belt_back base_neckline_back a1_infront_back
t7-b12-a1,base_micro_mini_bottom_front t7_belt_front t7_neckline_front a1_infront_front,base_micro_mini_bottom_back t7_belt_back t7_neckline_back a1_infront_back
t22-b12-a1,base_micro_mini_bottom_front base_belt_front t22_neckline_front a1_infront_front,base_micro_mini_bottom_back base_belt_back t22_for_base_neckline_back a1_infront_back
t14-b12-a1,base_micro_mini_bottom_front base_belt_front t14_neckline_front a1_infront_front,base_micro_mini_bottom_back base_belt_back t14_neckline_back a1_infront_back
t22-t14-b12-a1,base_micro_mini_bottom_front base_belt_front t14_neckline_front a1_infront_front,base_micro_mini_bottom_back base_belt_back t14_neckline_back a1_infront_back
t54-b12-a1,base_micro_mini_bottom_front base_belt_front t54_for_base_neckline_front a1_infront_front,base_micro_mini_bottom_back base_belt_back t54_for_base_neckline_back a1_infront_back
t22-t54-b12-a1,base_micro_mini_bottom_front base_belt_front t54_for_t22_neckline_front a1_infront_front,base_micro_mini_bottom_back base_belt_back t54_for_t22_base_neckline_back a1_infront_back
t14-t54-b12-a1,base_micro_mini_bottom_front base_belt_front t54_for_t14_neckline_front a1_infront_front,base_micro_mini_bottom_back base_belt_back t54_for_t14_neckline_back a1_infront_back
t22-t14-t54-b12-a1,base_micro_mini_bottom_front base_belt_front t54_for_t14_t22_neckline_front a1_infront_front,base_micro_mini_bottom_back base_belt_back t54_for_t22_t14_neckline_back a1_infront_back
b5-b12-a1,b5_micro_mini_flared_bottom_front base_belt_front base_neckline_front a1_infront_front,b5_micro_mini_flared_bottom_back base_belt_back base_neckline_back a1_infront_back
t7-b5-b12-a1,b5_micro_mini_flared_bottom_front t7_belt_front t7_neckline_front a1_infront_front,b5_micro_mini_flared_bottom_back t7_belt_back t7_neckline_back a1_infront_back
t22-b5-b12-a1,b5_micro_mini_flared_bottom_front base_belt_front t22_neckline_front a1_infront_front,b5_micro_mini_flared_bottom_back base_belt_back t22_for_base_neckline_back a1_infront_back
t14-b5-b12-a1,b5_micro_mini_flared_bottom_front base_belt_front t14_neckline_front a1_infront_front,b5_micro_mini_flared_bottom_back base_belt_back t14_neckline_back a1_infront_back
t22-t14-b5-b12-a1,b5_micro_mini_flared_bottom_front base_belt_front t14_neckline_front a1_infront_front,b5_micro_mini_flared_bottom_back base_belt_back t14_neckline_back a1_infront_back
t54-b5-b12-a1,b5_micro_mini_flared_bottom_front base_belt_front t54_for_base_neckline_front a1_infront_front,b5_micro_mini_flared_bottom_back base_belt_back t54_for_base_neckline_back a1_infront_back
t22-t54-b5-b12-a1,b5_micro_mini_flared_bottom_front base_belt_front t54_for_t22_neckline_front a1_infront_front,b5_micro_mini_flared_bottom_back base_belt_back t54_for_t22_base_neckline_back a1_infront_back
t14-t54-b5-b12-a1,b5_micro_mini_flared_bottom_front base_belt_front t54_for_t14_neckline_front a1_infront_front,b5_micro_mini_flared_bottom_back base_belt_back t54_for_t14_neckline_back a1_infront_back
t22-t14-t54-b5-b12-a1,b5_micro_mini_flared_bottom_front base_belt_front t54_for_t14_t22_neckline_front a1_infront_front,b5_micro_mini_flared_bottom_back base_belt_back t54_for_t22_t14_neckline_back a1_infront_back
t26-a1,base_micro_mini_bottom_front base_belt_front t26_neckline_front a1_infront_front,base_micro_mini_bottom_back base_belt_back t26_base_neckline_back a1_infront_back
t14-t26-a1,base_micro_mini_bottom_front base_belt_front t26_for_t14_neckline_front a1_infront_front,base_micro_mini_bottom_back base_belt_back t26_for_t14_neckline_back a1_infront_back
t54-t26-a1,base_micro_mini_bottom_front base_belt_front t26_neckline_front a1_infront_front,base_micro_mini_bottom_back base_belt_back t26_base_neckline_back a1_infront_back
t14-t54-t26-a1,base_micro_mini_bottom_front base_belt_front t26_for_t14_neckline_front a1_infront_front,base_micro_mini_bottom_back base_belt_back t26_for_t14_neckline_back a1_infront_back
b5-t26-a1,b5_micro_mini_flared_bottom_front base_belt_front t26_neckline_front a1_infront_front,b5_micro_mini_flared_bottom_back base_belt_back t26_base_neckline_back a1_infront_back
t14-b5-t26-a1,b5_micro_mini_flared_bottom_front base_belt_front t26_for_t14_neckline_front a1_infront_front,b5_micro_mini_flared_bottom_back base_belt_back t26_for_t14_neckline_back a1_infront_back
t54-b5-t26-a1,b5_micro_mini_flared_bottom_front base_belt_front t26_neckline_front a1_infront_front,b5_micro_mini_flared_bottom_back base_belt_back t26_base_neckline_back a1_infront_back
t14-t54-b5-t26-a1,b5_micro_mini_flared_bottom_front base_belt_front t26_for_t14_neckline_front a1_infront_front,b5_micro_mini_flared_bottom_back base_belt_back t26_for_t14_neckline_back a1_infront_back
b12-t26-a1,base_micro_mini_bottom_front base_belt_front t26_neckline_front a1_infront_front,base_micro_mini_bottom_back base_belt_back t26_base_neckline_back a1_infront_back
t14-b12-t26-a1,base_micro_mini_bottom_front base_belt_front t26_for_t14_neckline_front a1_infront_front,base_micro_mini_bottom_back base_belt_back t26_for_t14_neckline_back a1_infront_back
t54-b12-t26-a1,base_micro_mini_bottom_front base_belt_front t26_neckline_front a1_infront_front,base_micro_mini_bottom_back base_belt_back t26_base_neckline_back a1_infront_back
t14-t54-b12-t26-a1,base_micro_mini_bottom_front base_belt_front t26_for_t14_neckline_front a1_infront_front,base_micro_mini_bottom_back base_belt_back t26_for_t14_neckline_back a1_infront_back
b5-b12-t26-a1,b5_micro_mini_flared_bottom_front base_belt_front t26_neckline_front a1_infront_front,b5_micro_mini_flared_bottom_back base_belt_back t26_base_neckline_back a1_infront_back
t14-b5-b12-t26-a1,b5_micro_mini_flared_bottom_front base_belt_front t26_for_t14_neckline_front a1_infront_front,b5_micro_mini_flared_bottom_back base_belt_back t26_for_t14_neckline_back a1_infront_back
t54-b5-b12-t26-a1,b5_micro_mini_flared_bottom_front base_belt_front t26_neckline_front a1_infront_front,b5_micro_mini_flared_bottom_back base_belt_back t26_base_neckline_back a1_infront_back
t14-t54-b5-b12-t26-a1,b5_micro_mini_flared_bottom_front base_belt_front t26_for_t14_neckline_front a1_infront_front,b5_micro_mini_flared_bottom_back base_belt_back t26_for_t14_neckline_back a1_infront_back
t33-a1,base_micro_mini_bottom_front base_belt_front base_neckline_front a1_infront_front t33_infront_front,base_micro_mini_bottom_back base_belt_back base_neckline_back a1_infront_back t33_infront_back
t14-t33-a1,base_micro_mini_bottom_front base_belt_front t14_neckline_front a1_infront_front t33_infront_front,base_micro_mini_bottom_back base_belt_back t14_neckline_back a1_infront_back t33_infront_back
t54-t33-a1,base_micro_mini_bottom_front base_belt_front t54_for_base_neckline_front a1_infront_front t33_infront_front,base_micro_mini_bottom_back base_belt_back t54_for_base_neckline_back a1_infront_back t33_infront_back
t14-t54-t33-a1,base_micro_mini_bottom_front base_belt_front t54_for_t14_neckline_front a1_infront_front t33_infront_front,base_micro_mini_bottom_back base_belt_back t54_for_t14_neckline_back a1_infront_back t33_infront_back
b5-t33-a1,b5_micro_mini_flared_bottom_front base_belt_front base_neckline_front a1_infront_front t33_infront_front,b5_micro_mini_flared_bottom_back base_belt_back base_neckline_back a1_infront_back t33_infront_back
t14-b5-t33-a1,b5_micro_mini_flared_bottom_front base_belt_front t14_neckline_front a1_infront_front t33_infront_front,b5_micro_mini_flared_bottom_back base_belt_back t14_neckline_back a1_infront_back t33_infront_back
t54-b5-t33-a1,b5_micro_mini_flared_bottom_front base_belt_front t54_for_base_neckline_front a1_infront_front t33_infront_front,b5_micro_mini_flared_bottom_back base_belt_back t54_for_base_neckline_back a1_infront_back t33_infront_back
t14-t54-b5-t33-a1,b5_micro_mini_flared_bottom_front base_belt_front t54_for_t14_neckline_front a1_infront_front t33_infront_front,b5_micro_mini_flared_bottom_back base_belt_back t54_for_t14_neckline_back a1_infront_back t33_infront_back
b12-t33-a1,base_micro_mini_bottom_front base_belt_front base_neckline_front a1_infront_front t33_infront_front,base_micro_mini_bottom_back base_belt_back base_neckline_back a1_infront_back t33_infront_back
t14-b12-t33-a1,base_micro_mini_bottom_front base_belt_front t14_neckline_front a1_infront_front t33_infront_front,base_micro_mini_bottom_back base_belt_back t14_neckline_back a1_infront_back t33_infront_back
t54-b12-t33-a1,base_micro_mini_bottom_front base_belt_front t54_for_base_neckline_front a1_infront_front t33_infront_front,base_micro_mini_bottom_back base_belt_back t54_for_base_neckline_back a1_infront_back t33_infront_back
t14-t54-b12-t33-a1,base_micro_mini_bottom_front base_belt_front t54_for_t14_neckline_front a1_infront_front t33_infront_front,base_micro_mini_bottom_back base_belt_back t54_for_t14_neckline_back a1_infront_back t33_infront_back
b5-b12-t33-a1,b5_micro_mini_flared_bottom_front base_belt_front base_neckline_front a1_infront_front t33_infront_front,b5_micro_mini_flared_bottom_back base_belt_back base_neckline_back a1_infront_back t33_infront_back
t14-b5-b12-t33-a1,b5_micro_mini_flared_bottom_front base_belt_front t14_neckline_front a1_infront_front t33_infront_front,b5_micro_mini_flared_bottom_back base_belt_back t14_neckline_back a1_infront_back t33_infront_back
t54-b5-b12-t33-a1,b5_micro_mini_flared_bottom_front base_belt_front t54_for_base_neckline_front a1_infront_front t33_infront_front,b5_micro_mini_flared_bottom_back base_belt_back t54_for_base_neckline_back a1_infront_back t33_infront_back
t14-t54-b5-b12-t33-a1,b5_micro_mini_flared_bottom_front base_belt_front t54_for_t14_neckline_front a1_infront_front t33_infront_front,b5_micro_mini_flared_bottom_back base_belt_back t54_for_t14_neckline_back a1_infront_back t33_infront_back
b9-a1,b9_micro_mini_bottom_front b9_belt_front base_neckline_front a1_infront_front,b9_micro_mini_bottom_back b9_belt_back base_neckline_back a1_infront_back
t22-b9-a1,b9_micro_mini_bottom_front b9_belt_front t22_neckline_front a1_infront_front,b9_micro_mini_bottom_back b9_belt_back t22_for_base_neckline_back a1_infront_back
t14-b9-a1,b9_micro_mini_bottom_front b9_belt_front t14_neckline_front a1_infront_front,b9_micro_mini_bottom_back b9_belt_back t14_neckline_back a1_infront_back
t22-t14-b9-a1,b9_micro_mini_bottom_front b9_belt_front t14_neckline_front a1_infront_front,b9_micro_mini_bottom_back b9_belt_back t14_neckline_back a1_infront_back
t54-b9-a1,b9_micro_mini_bottom_front b9_belt_front t54_for_base_neckline_front a1_infront_front,b9_micro_mini_bottom_back b9_belt_back t54_for_base_neckline_back a1_infront_back
t22-t54-b9-a1,b9_micro_mini_bottom_front b9_belt_front t54_for_t22_neckline_front a1_infront_front,b9_micro_mini_bottom_back b9_belt_back t54_for_t22_base_neckline_back a1_infront_back
t14-t54-b9-a1,b9_micro_mini_bottom_front b9_belt_front t54_for_t14_neckline_front a1_infront_front,b9_micro_mini_bottom_back b9_belt_back t54_for_t14_neckline_back a1_infront_back
t22-t14-t54-b9-a1,b9_micro_mini_bottom_front b9_belt_front t54_for_t14_t22_neckline_front a1_infront_front,b9_micro_mini_bottom_back b9_belt_back t54_for_t22_t14_neckline_back a1_infront_back
b12-b9-a1,b9_micro_mini_bottom_front b9_belt_front base_neckline_front a1_infront_front,b9_micro_mini_bottom_back b9_belt_back base_neckline_back a1_infront_back
t22-b12-b9-a1,b9_micro_mini_bottom_front b9_belt_front t22_neckline_front a1_infront_front,b9_micro_mini_bottom_back b9_belt_back t22_for_base_neckline_back a1_infront_back
t14-b12-b9-a1,b9_micro_mini_bottom_front b9_belt_front t14_neckline_front a1_infront_front,b9_micro_mini_bottom_back b9_belt_back t14_neckline_back a1_infront_back
t22-t14-b12-b9-a1,b9_micro_mini_bottom_front b9_belt_front t14_neckline_front a1_infront_front,b9_micro_mini_bottom_back b9_belt_back t14_neckline_back a1_infront_back
t54-b12-b9-a1,b9_micro_mini_bottom_front b9_belt_front t54_for_base_neckline_front a1_infront_front,b9_micro_mini_bottom_back b9_belt_back t54_for_base_neckline_back a1_infront_back
t22-t54-b12-b9-a1,b9_micro_mini_bottom_front b9_belt_front t54_for_t22_neckline_front a1_infront_front,b9_micro_mini_bottom_back b9_belt_back t54_for_t22_base_neckline_back a1_infront_back
t14-t54-b12-b9-a1,b9_micro_mini_bottom_front b9_belt_front t54_for_t14_neckline_front a1_infront_front,b9_micro_mini_bottom_back b9_belt_back t54_for_t14_neckline_back a1_infront_back
t22-t14-t54-b12-b9-a1,b9_micro_mini_bottom_front b9_belt_front t54_for_t14_t22_neckline_front a1_infront_front,b9_micro_mini_bottom_back b9_belt_back t54_for_t22_t14_neckline_back a1_infront_back
t26-b9-a1,b9_micro_mini_bottom_front b9_belt_front t26_neckline_front a1_infront_front,b9_micro_mini_bottom_back b9_belt_back t26_base_neckline_back a1_infront_back
t14-t26-b9-a1,b9_micro_mini_bottom_front b9_belt_front t26_for_t14_neckline_front a1_infront_front,b9_micro_mini_bottom_back b9_belt_back t26_for_t14_neckline_back a1_infront_back
t54-t26-b9-a1,b9_micro_mini_bottom_front b9_belt_front t26_neckline_front a1_infront_front,b9_micro_mini_bottom_back b9_belt_back t26_base_neckline_back a1_infront_back
t14-t54-t26-b9-a1,b9_micro_mini_bottom_front b9_belt_front t26_for_t14_neckline_front a1_infront_front,b9_micro_mini_bottom_back b9_belt_back t26_for_t14_neckline_back a1_infront_back
b12-t26-b9-a1,b9_micro_mini_bottom_front b9_belt_front t26_neckline_front a1_infront_front,b9_micro_mini_bottom_back b9_belt_back t26_base_neckline_back a1_infront_back
t14-b12-t26-b9-a1,b9_micro_mini_bottom_front b9_belt_front t26_for_t14_neckline_front a1_infront_front,b9_micro_mini_bottom_back b9_belt_back t26_for_t14_neckline_back a1_infront_back
t54-b12-t26-b9-a1,b9_micro_mini_bottom_front b9_belt_front t26_neckline_front a1_infront_front,b9_micro_mini_bottom_back b9_belt_back t26_base_neckline_back a1_infront_back
t14-t54-b12-t26-b9-a1,b9_micro_mini_bottom_front b9_belt_front t26_for_t14_neckline_front a1_infront_front,b9_micro_mini_bottom_back b9_belt_back t26_for_t14_neckline_back a1_infront_back
t33-b9-a1,b9_micro_mini_bottom_front b9_belt_front base_neckline_front a1_infront_front t33_infront_front,b9_micro_mini_bottom_back b9_belt_back base_neckline_back a1_infront_back t33_infront_back
t14-t33-b9-a1,b9_micro_mini_bottom_front b9_belt_front t14_neckline_front a1_infront_front t33_infront_front,b9_micro_mini_bottom_back b9_belt_back t14_neckline_back a1_infront_back t33_infront_back
t54-t33-b9-a1,b9_micro_mini_bottom_front b9_belt_front t54_for_base_neckline_front a1_infront_front t33_infront_front,b9_micro_mini_bottom_back b9_belt_back t54_for_base_neckline_back a1_infront_back t33_infront_back
t14-t54-t33-b9-a1,b9_micro_mini_bottom_front b9_belt_front t54_for_t14_neckline_front a1_infront_front t33_infront_front,b9_micro_mini_bottom_back b9_belt_back t54_for_t14_neckline_back a1_infront_back t33_infront_back
b12-t33-b9-a1,b9_micro_mini_bottom_front b9_belt_front base_neckline_front a1_infront_front t33_infront_front,b9_micro_mini_bottom_back b9_belt_back base_neckline_back a1_infront_back t33_infront_back
t14-b12-t33-b9-a1,b9_micro_mini_bottom_front b9_belt_front t14_neckline_front a1_infront_front t33_infront_front,b9_micro_mini_bottom_back b9_belt_back t14_neckline_back a1_infront_back t33_infront_back
t54-b12-t33-b9-a1,b9_micro_mini_bottom_front b9_belt_front t54_for_base_neckline_front a1_infront_front t33_infront_front,b9_micro_mini_bottom_back b9_belt_back t54_for_base_neckline_back a1_infront_back t33_infront_back
t14-t54-b12-t33-b9-a1,b9_micro_mini_bottom_front b9_belt_front t54_for_t14_neckline_front a1_infront_front t33_infront_front,b9_micro_mini_bottom_back b9_belt_back t54_for_t14_neckline_back a1_infront_back t33_infront_back
a6-a1,base_micro_mini_bottom_front base_belt_front base_neckline_front a1_infront_front,base_micro_mini_bottom_back base_belt_back base_neckline_back a1_infront_back a6_infront_back
t7-a6-a1,base_micro_mini_bottom_front t7_belt_front t7_neckline_front a1_infront_front,base_micro_mini_bottom_back t7_belt_back t7_neckline_back a1_infront_back a6_infront_back
t22-a6-a1,base_micro_mini_bottom_front base_belt_front t22_neckline_front a1_infront_front,base_micro_mini_bottom_back base_belt_back t22_for_base_neckline_back a1_infront_back a6_infront_back
t14-a6-a1,base_micro_mini_bottom_front base_belt_front t14_neckline_front a1_infront_front,base_micro_mini_bottom_back base_belt_back t14_neckline_back a1_infront_back a6_infront_back
t22-t14-a6-a1,base_micro_mini_bottom_front base_belt_front t14_neckline_front a1_infront_front,base_micro_mini_bottom_back base_belt_back t14_neckline_back a1_infront_back a6_infront_back
t54-a6-a1,base_micro_mini_bottom_front base_belt_front t54_for_base_neckline_front a1_infront_front,base_micro_mini_bottom_back base_belt_back t54_for_base_neckline_back a1_infront_back a6_infront_back
t22-t54-a6-a1,base_micro_mini_bottom_front base_belt_front t54_for_t22_neckline_front a1_infront_front,base_micro_mini_bottom_back base_belt_back t54_for_t22_base_neckline_back a1_infront_back a6_infront_back
t14-t54-a6-a1,base_micro_mini_bottom_front base_belt_front t54_for_t14_neckline_front a1_infront_front,base_micro_mini_bottom_back base_belt_back t54_for_t14_neckline_back a1_infront_back a6_infront_back
t22-t14-t54-a6-a1,base_micro_mini_bottom_front base_belt_front t54_for_t14_t22_neckline_front a1_infront_front,base_micro_mini_bottom_back base_belt_back t54_for_t22_t14_neckline_back a1_infront_back a6_infront_back
b5-a6-a1,b5_micro_mini_flared_bottom_front base_belt_front base_neckline_front a1_infront_front,b5_micro_mini_flared_bottom_back base_belt_back base_neckline_back a1_infront_back a6_infront_back
t7-b5-a6-a1,b5_micro_mini_flared_bottom_front t7_belt_front t7_neckline_front a1_infront_front,b5_micro_mini_flared_bottom_back t7_belt_back t7_neckline_back a1_infront_back a6_infront_back
t22-b5-a6-a1,b5_micro_mini_flared_bottom_front base_belt_front t22_neckline_front a1_infront_front,b5_micro_mini_flared_bottom_back base_belt_back t22_for_base_neckline_back a1_infront_back a6_infront_back
t14-b5-a6-a1,b5_micro_mini_flared_bottom_front base_belt_front t14_neckline_front a1_infront_front,b5_micro_mini_flared_bottom_back base_belt_back t14_neckline_back a1_infront_back a6_infront_back
t22-t14-b5-a6-a1,b5_micro_mini_flared_bottom_front base_belt_front t14_neckline_front a1_infront_front,b5_micro_mini_flared_bottom_back base_belt_back t14_neckline_back a1_infront_back a6_infront_back
t54-b5-a6-a1,b5_micro_mini_flared_bottom_front base_belt_front t54_for_base_neckline_front a1_infront_front,b5_micro_mini_flared_bottom_back base_belt_back t54_for_base_neckline_back a1_infront_back a6_infront_back
t22-t54-b5-a6-a1,b5_micro_mini_flared_bottom_front base_belt_front t54_for_t22_neckline_front a1_infront_front,b5_micro_mini_flared_bottom_back base_belt_back t54_for_t22_base_neckline_back a1_infront_back a6_infront_back
t14-t54-b5-a6-a1,b5_micro_mini_flared_bottom_front base_belt_front t54_for_t14_neckline_front a1_infront_front,b5_micro_mini_flared_bottom_back base_belt_back t54_for_t14_neckline_back a1_infront_back a6_infront_back
t22-t14-t54-b5-a6-a1,b5_micro_mini_flared_bottom_front base_belt_front t54_for_t14_t22_neckline_front a1_infront_front,b5_micro_mini_flared_bottom_back base_belt_back t54_for_t22_t14_neckline_back a1_infront_back a6_infront_back
t26-a6-a1,base_micro_mini_bottom_front base_belt_front t26_neckline_front a1_infront_front,base_micro_mini_bottom_back base_belt_back t26_base_neckline_back a1_infront_back a6_infront_back
t14-t26-a6-a1,base_micro_mini_bottom_front base_belt_front t26_for_t14_neckline_front a1_infront_front,base_micro_mini_bottom_back base_belt_back t26_for_t14_neckline_back a1_infront_back a6_infront_back
t54-t26-a6-a1,base_micro_mini_bottom_front base_belt_front t26_neckline_front a1_infront_front,base_micro_mini_bottom_back base_belt_back t26_base_neckline_back a1_infront_back a6_infront_back
t14-t54-t26-a6-a1,base_micro_mini_bottom_front base_belt_front t26_for_t14_neckline_front a1_infront_front,base_micro_mini_bottom_back base_belt_back t26_for_t14_neckline_back a1_infront_back a6_infront_back
b5-t26-a6-a1,b5_micro_mini_flared_bottom_front base_belt_front t26_neckline_front a1_infront_front,b5_micro_mini_flared_bottom_back base_belt_back t26_base_neckline_back a1_infront_back a6_infront_back
t14-b5-t26-a6-a1,b5_micro_mini_flared_bottom_front base_belt_front t26_for_t14_neckline_front a1_infront_front,b5_micro_mini_flared_bottom_back base_belt_back t26_for_t14_neckline_back a1_infront_back a6_infront_back
t54-b5-t26-a6-a1,b5_micro_mini_flared_bottom_front base_belt_front t26_neckline_front a1_infront_front,b5_micro_mini_flared_bottom_back base_belt_back t26_base_neckline_back a1_infront_back a6_infront_back
t14-t54-b5-t26-a6-a1,b5_micro_mini_flared_bottom_front base_belt_front t26_for_t14_neckline_front a1_infront_front,b5_micro_mini_flared_bottom_back base_belt_back t26_for_t14_neckline_back a1_infront_back a6_infront_back
t33-a6-a1,base_micro_mini_bottom_front base_belt_front base_neckline_front a1_infront_front t33_infront_front,base_micro_mini_bottom_back base_belt_back base_neckline_back a1_infront_back a6_infront_back t33_infront_back
t14-t33-a6-a1,base_micro_mini_bottom_front base_belt_front t14_neckline_front a1_infront_front t33_infront_front,base_micro_mini_bottom_back base_belt_back t14_neckline_back a1_infront_back a6_infront_back t33_infront_back
t54-t33-a6-a1,base_micro_mini_bottom_front base_belt_front t54_for_base_neckline_front a1_infront_front t33_infront_front,base_micro_mini_bottom_back base_belt_back t54_for_base_neckline_back a1_infront_back a6_infront_back t33_infront_back
t14-t54-t33-a6-a1,base_micro_mini_bottom_front base_belt_front t54_for_t14_neckline_front a1_infront_front t33_infront_front,base_micro_mini_bottom_back base_belt_back t54_for_t14_neckline_back a1_infront_back a6_infront_back t33_infront_back
b5-t33-a6-a1,b5_micro_mini_flared_bottom_front base_belt_front base_neckline_front a1_infront_front t33_infront_front,b5_micro_mini_flared_bottom_back base_belt_back base_neckline_back a1_infront_back a6_infront_back t33_infront_back
t14-b5-t33-a6-a1,b5_micro_mini_flared_bottom_front base_belt_front t14_neckline_front a1_infront_front t33_infront_front,b5_micro_mini_flared_bottom_back base_belt_back t14_neckline_back a1_infront_back a6_infront_back t33_infront_back
t54-b5-t33-a6-a1,b5_micro_mini_flared_bottom_front base_belt_front t54_for_base_neckline_front a1_infront_front t33_infront_front,b5_micro_mini_flared_bottom_back base_belt_back t54_for_base_neckline_back a1_infront_back a6_infront_back t33_infront_back
t14-t54-b5-t33-a6-a1,b5_micro_mini_flared_bottom_front base_belt_front t54_for_t14_neckline_front a1_infront_front t33_infront_front,b5_micro_mini_flared_bottom_back base_belt_back t54_for_t14_neckline_back a1_infront_back a6_infront_back t33_infront_back
a4,base_micro_mini_bottom_front base_belt_front base_neckline_front,base_micro_mini_bottom_back base_belt_back base_neckline_back
t7-a4,base_micro_mini_bottom_front t7_belt_front t7_neckline_front,base_micro_mini_bottom_back t7_belt_back t7_neckline_back
t22-a4,base_micro_mini_bottom_front base_belt_front t22_neckline_front,base_micro_mini_bottom_back base_belt_back t22_for_base_neckline_back
t14-a4,base_micro_mini_bottom_front base_belt_front t14_neckline_front,base_micro_mini_bottom_back base_belt_back t14_neckline_back
t22-t14-a4,base_micro_mini_bottom_front base_belt_front t14_neckline_front,base_micro_mini_bottom_back base_belt_back t14_neckline_back
t54-a4,base_micro_mini_bottom_front base_belt_front t54_for_base_neckline_front,base_micro_mini_bottom_back base_belt_back t54_for_base_neckline_back
t22-t54-a4,base_micro_mini_bottom_front base_belt_front t54_for_t22_neckline_front,base_micro_mini_bottom_back base_belt_back t54_for_t22_base_neckline_back
t14-t54-a4,base_micro_mini_bottom_front base_belt_front t54_for_t14_neckline_front,base_micro_mini_bottom_back base_belt_back t54_for_t14_neckline_back
t22-t14-t54-a4,base_micro_mini_bottom_front base_belt_front t54_for_t14_t22_neckline_front,base_micro_mini_bottom_back base_belt_back t54_for_t22_t14_neckline_back
b12-a4,base_micro_mini_bottom_front base_belt_front base_neckline_front,base_micro_mini_bottom_back base_belt_back base_neckline_back
t7-b12-a4,base_micro_mini_bottom_front t7_belt_front t7_neckline_front,base_micro_mini_bottom_back t7_belt_back t7_neckline_back
t22-b12-a4,base_micro_mini_bottom_front base_belt_front t22_neckline_front,base_micro_mini_bottom_back base_belt_back t22_for_base_neckline_back
t14-b12-a4,base_micro_mini_bottom_front base_belt_front t14_neckline_front,base_micro_mini_bottom_back base_belt_back t14_neckline_back
t22-t14-b12-a4,base_micro_mini_bottom_front base_belt_front t14_neckline_front,base_micro_mini_bottom_back base_belt_back t14_neckline_back
t54-b12-a4,base_micro_mini_bottom_front base_belt_front t54_for_base_neckline_front,base_micro_mini_bottom_back base_belt_back t54_for_base_neckline_back
t22-t54-b12-a4,base_micro_mini_bottom_front base_belt_front t54_for_t22_neckline_front,base_micro_mini_bottom_back base_belt_back t54_for_t22_base_neckline_back
t14-t54-b12-a4,base_micro_mini_bottom_front base_belt_front t54_for_t14_neckline_front,base_micro_mini_bottom_back base_belt_back t54_for_t14_neckline_back
t22-t14-t54-b12-a4,base_micro_mini_bottom_front base_belt_front t54_for_t14_t22_neckline_front,base_micro_mini_bottom_back base_belt_back t54_for_t22_t14_neckline_back
t26-a4,base_micro_mini_bottom_front base_belt_front t26_neckline_front,base_micro_mini_bottom_back base_belt_back t26_base_neckline_back
t14-t26-a4,base_micro_mini_bottom_front base_belt_front t26_for_t14_neckline_front,base_micro_mini_bottom_back base_belt_back t26_for_t14_neckline_back
t54-t26-a4,base_micro_mini_bottom_front base_belt_front t26_neckline_front,base_micro_mini_bottom_back base_belt_back t26_base_neckline_back
t14-t54-t26-a4,base_micro_mini_bottom_front base_belt_front t26_for_t14_neckline_front,base_micro_mini_bottom_back base_belt_back t26_for_t14_neckline_back
b12-t26-a4,base_micro_mini_bottom_front base_belt_front t26_neckline_front,base_micro_mini_bottom_back base_belt_back t26_base_neckline_back
t14-b12-t26-a4,base_micro_mini_bottom_front base_belt_front t26_for_t14_neckline_front,base_micro_mini_bottom_back base_belt_back t26_for_t14_neckline_back
t54-b12-t26-a4,base_micro_mini_bottom_front base_belt_front t26_neckline_front,base_micro_mini_bottom_back base_belt_back t26_base_neckline_back
t14-t54-b12-t26-a4,base_micro_mini_bottom_front base_belt_front t26_for_t14_neckline_front,base_micro_mini_bottom_back base_belt_back t26_for_t14_neckline_back
t33-a4,base_micro_mini_bottom_front base_belt_front base_neckline_front t33_infront_front,base_micro_mini_bottom_back base_belt_back base_neckline_back t33_infront_back
t14-t33-a4,base_micro_mini_bottom_front base_belt_front t14_neckline_front t33_infront_front,base_micro_mini_bottom_back base_belt_back t14_neckline_back t33_infront_back
t54-t33-a4,base_micro_mini_bottom_front base_belt_front t54_for_base_neckline_front t33_infront_front,base_micro_mini_bottom_back base_belt_back t54_for_base_neckline_back t33_infront_back
t14-t54-t33-a4,base_micro_mini_bottom_front base_belt_front t54_for_t14_neckline_front t33_infront_front,base_micro_mini_bottom_back base_belt_back t54_for_t14_neckline_back t33_infront_back
b12-t33-a4,base_micro_mini_bottom_front base_belt_front base_neckline_front t33_infront_front,base_micro_mini_bottom_back base_belt_back base_neckline_back t33_infront_back
t14-b12-t33-a4,base_micro_mini_bottom_front base_belt_front t14_neckline_front t33_infront_front,base_micro_mini_bottom_back base_belt_back t14_neckline_back t33_infront_back
t54-b12-t33-a4,base_micro_mini_bottom_front base_belt_front t54_for_base_neckline_front t33_infront_front,base_micro_mini_bottom_back base_belt_back t54_for_base_neckline_back t33_infront_back
t14-t54-b12-t33-a4,base_micro_mini_bottom_front base_belt_front t54_for_t14_neckline_front t33_infront_front,base_micro_mini_bottom_back base_belt_back t54_for_t14_neckline_back t33_infront_back
b9-a4,b9_micro_mini_bottom_front b9_belt_front base_neckline_front,b9_micro_mini_bottom_back b9_belt_back base_neckline_back
t22-b9-a4,b9_micro_mini_bottom_front b9_belt_front t22_neckline_front,b9_micro_mini_bottom_back b9_belt_back t22_for_base_neckline_back
t14-b9-a4,b9_micro_mini_bottom_front b9_belt_front t14_neckline_front,b9_micro_mini_bottom_back b9_belt_back t14_neckline_back
t22-t14-b9-a4,b9_micro_mini_bottom_front b9_belt_front t14_neckline_front,b9_micro_mini_bottom_back b9_belt_back t14_neckline_back
t54-b9-a4,b9_micro_mini_bottom_front b9_belt_front t54_for_base_neckline_front,b9_micro_mini_bottom_back b9_belt_back t54_for_base_neckline_back
t22-t54-b9-a4,b9_micro_mini_bottom_front b9_belt_front t54_for_t22_neckline_front,b9_micro_mini_bottom_back b9_belt_back t54_for_t22_base_neckline_back
t14-t54-b9-a4,b9_micro_mini_bottom_front b9_belt_front t54_for_t14_neckline_front,b9_micro_mini_bottom_back b9_belt_back t54_for_t14_neckline_back
t22-t14-t54-b9-a4,b9_micro_mini_bottom_front b9_belt_front t54_for_t14_t22_neckline_front,b9_micro_mini_bottom_back b9_belt_back t54_for_t22_t14_neckline_back
b12-b9-a4,b9_micro_mini_bottom_front b9_belt_front base_neckline_front,b9_micro_mini_bottom_back b9_belt_back base_neckline_back
t22-b12-b9-a4,b9_micro_mini_bottom_front b9_belt_front t22_neckline_front,b9_micro_mini_bottom_back b9_belt_back t22_for_base_neckline_back
t14-b12-b9-a4,b9_micro_mini_bottom_front b9_belt_front t14_neckline_front,b9_micro_mini_bottom_back b9_belt_back t14_neckline_back
t22-t14-b12-b9-a4,b9_micro_mini_bottom_front b9_belt_front t14_neckline_front,b9_micro_mini_bottom_back b9_belt_back t14_neckline_back
t54-b12-b9-a4,b9_micro_mini_bottom_front b9_belt_front t54_for_base_neckline_front,b9_micro_mini_bottom_back b9_belt_back t54_for_base_neckline_back
t22-t54-b12-b9-a4,b9_micro_mini_bottom_front b9_belt_front t54_for_t22_neckline_front,b9_micro_mini_bottom_back b9_belt_back t54_for_t22_base_neckline_back
t14-t54-b12-b9-a4,b9_micro_mini_bottom_front b9_belt_front t54_for_t14_neckline_front,b9_micro_mini_bottom_back b9_belt_back t54_for_t14_neckline_back
t22-t14-t54-b12-b9-a4,b9_micro_mini_bottom_front b9_belt_front t54_for_t14_t22_neckline_front,b9_micro_mini_bottom_back b9_belt_back t54_for_t22_t14_neckline_back
t26-b9-a4,b9_micro_mini_bottom_front b9_belt_front t26_neckline_front,b9_micro_mini_bottom_back b9_belt_back t26_base_neckline_back
t14-t26-b9-a4,b9_micro_mini_bottom_front b9_belt_front t26_for_t14_neckline_front,b9_micro_mini_bottom_back b9_belt_back t26_for_t14_neckline_back
t54-t26-b9-a4,b9_micro_mini_bottom_front b9_belt_front t26_neckline_front,b9_micro_mini_bottom_back b9_belt_back t26_base_neckline_back
t14-t54-t26-b9-a4,b9_micro_mini_bottom_front b9_belt_front t26_for_t14_neckline_front,b9_micro_mini_bottom_back b9_belt_back t26_for_t14_neckline_back
b12-t26-b9-a4,b9_micro_mini_bottom_front b9_belt_front t26_neckline_front,b9_micro_mini_bottom_back b9_belt_back t26_base_neckline_back
t14-b12-t26-b9-a4,b9_micro_mini_bottom_front b9_belt_front t26_for_t14_neckline_front,b9_micro_mini_bottom_back b9_belt_back t26_for_t14_neckline_back
t54-b12-t26-b9-a4,b9_micro_mini_bottom_front b9_belt_front t26_neckline_front,b9_micro_mini_bottom_back b9_belt_back t26_base_neckline_back
t14-t54-b12-t26-b9-a4,b9_micro_mini_bottom_front b9_belt_front t26_for_t14_neckline_front,b9_micro_mini_bottom_back b9_belt_back t26_for_t14_neckline_back
t33-b9-a4,b9_micro_mini_bottom_front b9_belt_front base_neckline_front t33_infront_front,b9_micro_mini_bottom_back b9_belt_back base_neckline_back t33_infront_back
t14-t33-b9-a4,b9_micro_mini_bottom_front b9_belt_front t14_neckline_front t33_infront_front,b9_micro_mini_bottom_back b9_belt_back t14_neckline_back t33_infront_back
t54-t33-b9-a4,b9_micro_mini_bottom_front b9_belt_front t54_for_base_neckline_front t33_infront_front,b9_micro_mini_bottom_back b9_belt_back t54_for_base_neckline_back t33_infront_back
t14-t54-t33-b9-a4,b9_micro_mini_bottom_front b9_belt_front t54_for_t14_neckline_front t33_infront_front,b9_micro_mini_bottom_back b9_belt_back t54_for_t14_neckline_back t33_infront_back
b12-t33-b9-a4,b9_micro_mini_bottom_front b9_belt_front base_neckline_front t33_infront_front,b9_micro_mini_bottom_back b9_belt_back base_neckline_back t33_infront_back
t14-b12-t33-b9-a4,b9_micro_mini_bottom_front b9_belt_front t14_neckline_front t33_infront_front,b9_micro_mini_bottom_back b9_belt_back t14_neckline_back t33_infront_back
t54-b12-t33-b9-a4,b9_micro_mini_bottom_front b9_belt_front t54_for_base_neckline_front t33_infront_front,b9_micro_mini_bottom_back b9_belt_back t54_for_base_neckline_back t33_infront_back
t14-t54-b12-t33-b9-a4,b9_micro_mini_bottom_front b9_belt_front t54_for_t14_neckline_front t33_infront_front,b9_micro_mini_bottom_back b9_belt_back t54_for_t14_neckline_back t33_infront_back
a6-a4,base_micro_mini_bottom_front base_belt_front base_neckline_front,base_micro_mini_bottom_back base_belt_back base_neckline_back a6_infront_back
t7-a6-a4,base_micro_mini_bottom_front t7_belt_front t7_neckline_front,base_micro_mini_bottom_back t7_belt_back t7_neckline_back a6_infront_back
t22-a6-a4,base_micro_mini_bottom_front base_belt_front t22_neckline_front,base_micro_mini_bottom_back base_belt_back t22_for_base_neckline_back a6_infront_back
t14-a6-a4,base_micro_mini_bottom_front base_belt_front t14_neckline_front,base_micro_mini_bottom_back base_belt_back t14_neckline_back a6_infront_back
t22-t14-a6-a4,base_micro_mini_bottom_front base_belt_front t14_neckline_front,base_micro_mini_bottom_back base_belt_back t14_neckline_back a6_infront_back
t54-a6-a4,base_micro_mini_bottom_front base_belt_front t54_for_base_neckline_front,base_micro_mini_bottom_back base_belt_back t54_for_base_neckline_back a6_infront_back
t22-t54-a6-a4,base_micro_mini_bottom_front base_belt_front t54_for_t22_neckline_front,base_micro_mini_bottom_back base_belt_back t54_for_t22_base_neckline_back a6_infront_back
t14-t54-a6-a4,base_micro_mini_bottom_front base_belt_front t54_for_t14_neckline_front,base_micro_mini_bottom_back base_belt_back t54_for_t14_neckline_back a6_infront_back
t22-t14-t54-a6-a4,base_micro_mini_bottom_front base_belt_front t54_for_t14_t22_neckline_front,base_micro_mini_bottom_back base_belt_back t54_for_t22_t14_neckline_back a6_infront_back
t26-a6-a4,base_micro_mini_bottom_front base_belt_front t26_neckline_front,base_micro_mini_bottom_back base_belt_back t26_base_neckline_back a6_infront_back
t14-t26-a6-a4,base_micro_mini_bottom_front base_belt_front t26_for_t14_neckline_front,base_micro_mini_bottom_back base_belt_back t26_for_t14_neckline_back a6_infront_back
t54-t26-a6-a4,base_micro_mini_bottom_front base_belt_front t26_neckline_front,base_micro_mini_bottom_back base_belt_back t26_base_neckline_back a6_infront_back
t14-t54-t26-a6-a4,base_micro_mini_bottom_front base_belt_front t26_for_t14_neckline_front,base_micro_mini_bottom_back base_belt_back t26_for_t14_neckline_back a6_infront_back
t33-a6-a4,base_micro_mini_bottom_front base_belt_front base_neckline_front t33_infront_front,base_micro_mini_bottom_back base_belt_back base_neckline_back a6_infront_back t33_infront_back
t14-t33-a6-a4,base_micro_mini_bottom_front base_belt_front t14_neckline_front t33_infront_front,base_micro_mini_bottom_back base_belt_back t14_neckline_back a6_infront_back t33_infront_back
t54-t33-a6-a4,base_micro_mini_bottom_front base_belt_front t54_for_base_neckline_front t33_infront_front,base_micro_mini_bottom_back base_belt_back t54_for_base_neckline_back a6_infront_back t33_infront_back
t14-t54-t33-a6-a4,base_micro_mini_bottom_front base_belt_front t54_for_t14_neckline_front t33_infront_front,base_micro_mini_bottom_back base_belt_back t54_for_t14_neckline_back a6_infront_back t33_infront_back
a1-a4,base_micro_mini_bottom_front base_belt_front base_neckline_front a1_infront_front,base_micro_mini_bottom_back base_belt_back base_neckline_back a1_infront_back
t7-a1-a4,base_micro_mini_bottom_front t7_belt_front t7_neckline_front a1_infront_front,base_micro_mini_bottom_back t7_belt_back t7_neckline_back a1_infront_back
t22-a1-a4,base_micro_mini_bottom_front base_belt_front t22_neckline_front a1_infront_front,base_micro_mini_bottom_back base_belt_back t22_for_base_neckline_back a1_infront_back
t14-a1-a4,base_micro_mini_bottom_front base_belt_front t14_neckline_front a1_infront_front,base_micro_mini_bottom_back base_belt_back t14_neckline_back a1_infront_back
t22-t14-a1-a4,base_micro_mini_bottom_front base_belt_front t14_neckline_front a1_infront_front,base_micro_mini_bottom_back base_belt_back t14_neckline_back a1_infront_back
t54-a1-a4,base_micro_mini_bottom_front base_belt_front t54_for_base_neckline_front a1_infront_front,base_micro_mini_bottom_back base_belt_back t54_for_base_neckline_back a1_infront_back
t22-t54-a1-a4,base_micro_mini_bottom_front base_belt_front t54_for_t22_neckline_front a1_infront_front,base_micro_mini_bottom_back base_belt_back t54_for_t22_base_neckline_back a1_infront_back
t14-t54-a1-a4,base_micro_mini_bottom_front base_belt_front t54_for_t14_neckline_front a1_infront_front,base_micro_mini_bottom_back base_belt_back t54_for_t14_neckline_back a1_infront_back
t22-t14-t54-a1-a4,base_micro_mini_bottom_front base_belt_front t54_for_t14_t22_neckline_front a1_infront_front,base_micro_mini_bottom_back base_belt_back t54_for_t22_t14_neckline_back a1_infront_back
b12-a1-a4,base_micro_mini_bottom_front base_belt_front base_neckline_front a1_infront_front,base_micro_mini_bottom_back base_belt_back base_neckline_back a1_infront_back
t7-b12-a1-a4,base_micro_mini_bottom_front t7_belt_front t7_neckline_front a1_infront_front,base_micro_mini_bottom_back t7_belt_back t7_neckline_back a1_infront_back
t22-b12-a1-a4,base_micro_mini_bottom_front base_belt_front t22_neckline_front a1_infront_front,base_micro_mini_bottom_back base_belt_back t22_for_base_neckline_back a1_infront_back
t14-b12-a1-a4,base_micro_mini_bottom_front base_belt_front t14_neckline_front a1_infront_front,base_micro_mini_bottom_back base_belt_back t14_neckline_back a1_infront_back
t22-t14-b12-a1-a4,base_micro_mini_bottom_front base_belt_front t14_neckline_front a1_infront_front,base_micro_mini_bottom_back base_belt_back t14_neckline_back a1_infront_back
t54-b12-a1-a4,base_micro_mini_bottom_front base_belt_front t54_for_base_neckline_front a1_infront_front,base_micro_mini_bottom_back base_belt_back t54_for_base_neckline_back a1_infront_back
t22-t54-b12-a1-a4,base_micro_mini_bottom_front base_belt_front t54_for_t22_neckline_front a1_infront_front,base_micro_mini_bottom_back base_belt_back t54_for_t22_base_neckline_back a1_infront_back
t14-t54-b12-a1-a4,base_micro_mini_bottom_front base_belt_front t54_for_t14_neckline_front a1_infront_front,base_micro_mini_bottom_back base_belt_back t54_for_t14_neckline_back a1_infront_back
t22-t14-t54-b12-a1-a4,base_micro_mini_bottom_front base_belt_front t54_for_t14_t22_neckline_front a1_infront_front,base_micro_mini_bottom_back base_belt_back t54_for_t22_t14_neckline_back a1_infront_back
t26-a1-a4,base_micro_mini_bottom_front base_belt_front t26_neckline_front a1_infront_front,base_micro_mini_bottom_back base_belt_back t26_base_neckline_back a1_infront_back
t14-t26-a1-a4,base_micro_mini_bottom_front base_belt_front t26_for_t14_neckline_front a1_infront_front,base_micro_mini_bottom_back base_belt_back t26_for_t14_neckline_back a1_infront_back
t54-t26-a1-a4,base_micro_mini_bottom_front base_belt_front t26_neckline_front a1_infront_front,base_micro_mini_bottom_back base_belt_back t26_base_neckline_back a1_infront_back
t14-t54-t26-a1-a4,base_micro_mini_bottom_front base_belt_front t26_for_t14_neckline_front a1_infront_front,base_micro_mini_bottom_back base_belt_back t26_for_t14_neckline_back a1_infront_back
b12-t26-a1-a4,base_micro_mini_bottom_front base_belt_front t26_neckline_front a1_infront_front,base_micro_mini_bottom_back base_belt_back t26_base_neckline_back a1_infront_back
t14-b12-t26-a1-a4,base_micro_mini_bottom_front base_belt_front t26_for_t14_neckline_front a1_infront_front,base_micro_mini_bottom_back base_belt_back t26_for_t14_neckline_back a1_infront_back
t54-b12-t26-a1-a4,base_micro_mini_bottom_front base_belt_front t26_neckline_front a1_infront_front,base_micro_mini_bottom_back base_belt_back t26_base_neckline_back a1_infront_back
t14-t54-b12-t26-a1-a4,base_micro_mini_bottom_front base_belt_front t26_for_t14_neckline_front a1_infront_front,base_micro_mini_bottom_back base_belt_back t26_for_t14_neckline_back a1_infront_back
t33-a1-a4,base_micro_mini_bottom_front base_belt_front base_neckline_front a1_infront_front t33_infront_front,base_micro_mini_bottom_back base_belt_back base_neckline_back a1_infront_back t33_infront_back
t14-t33-a1-a4,base_micro_mini_bottom_front base_belt_front t14_neckline_front a1_infront_front t33_infront_front,base_micro_mini_bottom_back base_belt_back t14_neckline_back a1_infront_back t33_infront_back
t54-t33-a1-a4,base_micro_mini_bottom_front base_belt_front t54_for_base_neckline_front a1_infront_front t33_infront_front,base_micro_mini_bottom_back base_belt_back t54_for_base_neckline_back a1_infront_back t33_infront_back
t14-t54-t33-a1-a4,base_micro_mini_bottom_front base_belt_front t54_for_t14_neckline_front a1_infront_front t33_infront_front,base_micro_mini_bottom_back base_belt_back t54_for_t14_neckline_back a1_infront_back t33_infront_back
b12-t33-a1-a4,base_micro_mini_bottom_front base_belt_front base_neckline_front a1_infront_front t33_infront_front,base_micro_mini_bottom_back base_belt_back base_neckline_back a1_infront_back t33_infront_back
t14-b12-t33-a1-a4,base_micro_mini_bottom_front base_belt_front t14_neckline_front a1_infront_front t33_infront_front,base_micro_mini_bottom_back base_belt_back t14_neckline_back a1_infront_back t33_infront_back
t54-b12-t33-a1-a4,base_micro_mini_bottom_front base_belt_front t54_for_base_neckline_front a1_infront_front t33_infront_front,base_micro_mini_bottom_back base_belt_back t54_for_base_neckline_back a1_infront_back t33_infront_back
t14-t54-b12-t33-a1-a4,base_micro_mini_bottom_front base_belt_front t54_for_t14_neckline_front a1_infront_front t33_infront_front,base_micro_mini_bottom_back base_belt_back t54_for_t14_neckline_back a1_infront_back t33_infront_back
b9-a1-a4,b9_micro_mini_bottom_front b9_belt_front base_neckline_front a1_infront_front,b9_micro_mini_bottom_back b9_belt_back base_neckline_back a1_infront_back
t22-b9-a1-a4,b9_micro_mini_bottom_front b9_belt_front t22_neckline_front a1_infront_front,b9_micro_mini_bottom_back b9_belt_back t22_for_base_neckline_back a1_infront_back
t14-b9-a1-a4,b9_micro_mini_bottom_front b9_belt_front t14_neckline_front a1_infront_front,b9_micro_mini_bottom_back b9_belt_back t14_neckline_back a1_infront_back
t22-t14-b9-a1-a4,b9_micro_mini_bottom_front b9_belt_front t14_neckline_front a1_infront_front,b9_micro_mini_bottom_back b9_belt_back t14_neckline_back a1_infront_back
t54-b9-a1-a4,b9_micro_mini_bottom_front b9_belt_front t54_for_base_neckline_front a1_infront_front,b9_micro_mini_bottom_back b9_belt_back t54_for_base_neckline_back a1_infront_back
t22-t54-b9-a1-a4,b9_micro_mini_bottom_front b9_belt_front t54_for_t22_neckline_front a1_infront_front,b9_micro_mini_bottom_back b9_belt_back t54_for_t22_base_neckline_back a1_infront_back
t14-t54-b9-a1-a4,b9_micro_mini_bottom_front b9_belt_front t54_for_t14_neckline_front a1_infront_front,b9_micro_mini_bottom_back b9_belt_back t54_for_t14_neckline_back a1_infront_back
t22-t14-t54-b9-a1-a4,b9_micro_mini_bottom_front b9_belt_front t54_for_t14_t22_neckline_front a1_infront_front,b9_micro_mini_bottom_back b9_belt_back t54_for_t22_t14_neckline_back a1_infront_back
b12-b9-a1-a4,b9_micro_mini_bottom_front b9_belt_front base_neckline_front a1_infront_front,b9_micro_mini_bottom_back b9_belt_back base_neckline_back a1_infront_back
t22-b12-b9-a1-a4,b9_micro_mini_bottom_front b9_belt_front t22_neckline_front a1_infront_front,b9_micro_mini_bottom_back b9_belt_back t22_for_base_neckline_back a1_infront_back
t14-b12-b9-a1-a4,b9_micro_mini_bottom_front b9_belt_front t14_neckline_front a1_infront_front,b9_micro_mini_bottom_back b9_belt_back t14_neckline_back a1_infront_back
t22-t14-b12-b9-a1-a4,b9_micro_mini_bottom_front b9_belt_front t14_neckline_front a1_infront_front,b9_micro_mini_bottom_back b9_belt_back t14_neckline_back a1_infront_back
t54-b12-b9-a1-a4,b9_micro_mini_bottom_front b9_belt_front t54_for_base_neckline_front a1_infront_front,b9_micro_mini_bottom_back b9_belt_back t54_for_base_neckline_back a1_infront_back
t22-t54-b12-b9-a1-a4,b9_micro_mini_bottom_front b9_belt_front t54_for_t22_neckline_front a1_infront_front,b9_micro_mini_bottom_back b9_belt_back t54_for_t22_base_neckline_back a1_infront_back
t14-t54-b12-b9-a1-a4,b9_micro_mini_bottom_front b9_belt_front t54_for_t14_neckline_front a1_infront_front,b9_micro_mini_bottom_back b9_belt_back t54_for_t14_neckline_back a1_infront_back
t22-t14-t54-b12-b9-a1-a4,b9_micro_mini_bottom_front b9_belt_front t54_for_t14_t22_neckline_front a1_infront_front,b9_micro_mini_bottom_back b9_belt_back t54_for_t22_t14_neckline_back a1_infront_back
t26-b9-a1-a4,b9_micro_mini_bottom_front b9_belt_front t26_neckline_front a1_infront_front,b9_micro_mini_bottom_back b9_belt_back t26_base_neckline_back a1_infront_back
t14-t26-b9-a1-a4,b9_micro_mini_bottom_front b9_belt_front t26_for_t14_neckline_front a1_infront_front,b9_micro_mini_bottom_back b9_belt_back t26_for_t14_neckline_back a1_infront_back
t54-t26-b9-a1-a4,b9_micro_mini_bottom_front b9_belt_front t26_neckline_front a1_infront_front,b9_micro_mini_bottom_back b9_belt_back t26_base_neckline_back a1_infront_back
t14-t54-t26-b9-a1-a4,b9_micro_mini_bottom_front b9_belt_front t26_for_t14_neckline_front a1_infront_front,b9_micro_mini_bottom_back b9_belt_back t26_for_t14_neckline_back a1_infront_back
b12-t26-b9-a1-a4,b9_micro_mini_bottom_front b9_belt_front t26_neckline_front a1_infront_front,b9_micro_mini_bottom_back b9_belt_back t26_base_neckline_back a1_infront_back
t14-b12-t26-b9-a1-a4,b9_micro_mini_bottom_front b9_belt_front t26_for_t14_neckline_front a1_infront_front,b9_micro_mini_bottom_back b9_belt_back t26_for_t14_neckline_back a1_infront_back
t54-b12-t26-b9-a1-a4,b9_micro_mini_bottom_front b9_belt_front t26_neckline_front a1_infront_front,b9_micro_mini_bottom_back b9_belt_back t26_base_neckline_back a1_infront_back
t14-t54-b12-t26-b9-a1-a4,b9_micro_mini_bottom_front b9_belt_front t26_for_t14_neckline_front a1_infront_front,b9_micro_mini_bottom_back b9_belt_back t26_for_t14_neckline_back a1_infront_back
t33-b9-a1-a4,b9_micro_mini_bottom_front b9_belt_front base_neckline_front a1_infront_front t33_infront_front,b9_micro_mini_bottom_back b9_belt_back base_neckline_back a1_infront_back t33_infront_back
t14-t33-b9-a1-a4,b9_micro_mini_bottom_front b9_belt_front t14_neckline_front a1_infront_front t33_infront_front,b9_micro_mini_bottom_back b9_belt_back t14_neckline_back a1_infront_back t33_infront_back
t54-t33-b9-a1-a4,b9_micro_mini_bottom_front b9_belt_front t54_for_base_neckline_front a1_infront_front t33_infront_front,b9_micro_mini_bottom_back b9_belt_back t54_for_base_neckline_back a1_infront_back t33_infront_back
t14-t54-t33-b9-a1-a4,b9_micro_mini_bottom_front b9_belt_front t54_for_t14_neckline_front a1_infront_front t33_infront_front,b9_micro_mini_bottom_back b9_belt_back t54_for_t14_neckline_back a1_infront_back t33_infront_back
b12-t33-b9-a1-a4,b9_micro_mini_bottom_front b9_belt_front base_neckline_front a1_infront_front t33_infront_front,b9_micro_mini_bottom_back b9_belt_back base_neckline_back a1_infront_back t33_infront_back
t14-b12-t33-b9-a1-a4,b9_micro_mini_bottom_front b9_belt_front t14_neckline_front a1_infront_front t33_infront_front,b9_micro_mini_bottom_back b9_belt_back t14_neckline_back a1_infront_back t33_infront_back
t54-b12-t33-b9-a1-a4,b9_micro_mini_bottom_front b9_belt_front t54_for_base_neckline_front a1_infront_front t33_infront_front,b9_micro_mini_bottom_back b9_belt_back t54_for_base_neckline_back a1_infront_back t33_infront_back
t14-t54-b12-t33-b9-a1-a4,b9_micro_mini_bottom_front b9_belt_front t54_for_t14_neckline_front a1_infront_front t33_infront_front,b9_micro_mini_bottom_back b9_belt_back t54_for_t14_neckline_back a1_infront_back t33_infront_back
a6-a1-a4,base_micro_mini_bottom_front base_belt_front base_neckline_front a1_infront_front,base_micro_mini_bottom_back base_belt_back base_neckline_back a1_infront_back a6_infront_back
t7-a6-a1-a4,base_micro_mini_bottom_front t7_belt_front t7_neckline_front a1_infront_front,base_micro_mini_bottom_back t7_belt_back t7_neckline_back a1_infront_back a6_infront_back
t22-a6-a1-a4,base_micro_mini_bottom_front base_belt_front t22_neckline_front a1_infront_front,base_micro_mini_bottom_back base_belt_back t22_for_base_neckline_back a1_infront_back a6_infront_back
t14-a6-a1-a4,base_micro_mini_bottom_front base_belt_front t14_neckline_front a1_infront_front,base_micro_mini_bottom_back base_belt_back t14_neckline_back a1_infront_back a6_infront_back
t22-t14-a6-a1-a4,base_micro_mini_bottom_front base_belt_front t14_neckline_front a1_infront_front,base_micro_mini_bottom_back base_belt_back t14_neckline_back a1_infront_back a6_infront_back
t54-a6-a1-a4,base_micro_mini_bottom_front base_belt_front t54_for_base_neckline_front a1_infront_front,base_micro_mini_bottom_back base_belt_back t54_for_base_neckline_back a1_infront_back a6_infront_back
t22-t54-a6-a1-a4,base_micro_mini_bottom_front base_belt_front t54_for_t22_neckline_front a1_infront_front,base_micro_mini_bottom_back base_belt_back t54_for_t22_base_neckline_back a1_infront_back a6_infront_back
t14-t54-a6-a1-a4,base_micro_mini_bottom_front base_belt_front t54_for_t14_neckline_front a1_infront_front,base_micro_mini_bottom_back base_belt_back t54_for_t14_neckline_back a1_infront_back a6_infront_back
t22-t14-t54-a6-a1-a4,base_micro_mini_bottom_front base_belt_front t54_for_t14_t22_neckline_front a1_infront_front,base_micro_mini_bottom_back base_belt_back t54_for_t22_t14_neckline_back a1_infront_back a6_infront_back
t26-a6-a1-a4,base_micro_mini_bottom_front base_belt_front t26_neckline_front a1_infront_front,base_micro_mini_bottom_back base_belt_back t26_base_neckline_back a1_infront_back a6_infront_back
t14-t26-a6-a1-a4,base_micro_mini_bottom_front base_belt_front t26_for_t14_neckline_front a1_infront_front,base_micro_mini_bottom_back base_belt_back t26_for_t14_neckline_back a1_infront_back a6_infront_back
t54-t26-a6-a1-a4,base_micro_mini_bottom_front base_belt_front t26_neckline_front a1_infront_front,base_micro_mini_bottom_back base_belt_back t26_base_neckline_back a1_infront_back a6_infront_back
t14-t54-t26-a6-a1-a4,base_micro_mini_bottom_front base_belt_front t26_for_t14_neckline_front a1_infront_front,base_micro_mini_bottom_back base_belt_back t26_for_t14_neckline_back a1_infront_back a6_infront_back
t33-a6-a1-a4,base_micro_mini_bottom_front base_belt_front base_neckline_front a1_infront_front t33_infront_front,base_micro_mini_bottom_back base_belt_back base_neckline_back a1_infront_back a6_infront_back t33_infront_back
t14-t33-a6-a1-a4,base_micro_mini_bottom_front base_belt_front t14_neckline_front a1_infront_front t33_infront_front,base_micro_mini_bottom_back base_belt_back t14_neckline_back a1_infront_back a6_infront_back t33_infront_back
t54-t33-a6-a1-a4,base_micro_mini_bottom_front base_belt_front t54_for_base_neckline_front a1_infront_front t33_infront_front,base_micro_mini_bottom_back base_belt_back t54_for_base_neckline_back a1_infront_back a6_infront_back t33_infront_back
t14-t54-t33-a6-a1-a4,base_micro_mini_bottom_front base_belt_front t54_for_t14_neckline_front a1_infront_front t33_infront_front,base_micro_mini_bottom_back base_belt_back t54_for_t14_neckline_back a1_infront_back a6_infront_back t33_infront_back
a5,a5_behind_front base_micro_mini_bottom_front a5_belt_front a5_neckline_front,base_micro_mini_bottom_back base_belt_back a5_neckline_back
t22-a5,a5_behind_front base_micro_mini_bottom_front a5_belt_front a5_neckline_front,base_micro_mini_bottom_back base_belt_back a5_neckline_back
t14-a5,a5_behind_front base_micro_mini_bottom_front a5_belt_front a5_neckline_front,base_micro_mini_bottom_back base_belt_back a5_neckline_back
t22-t14-a5,a5_behind_front base_micro_mini_bottom_front a5_belt_front a5_neckline_front,base_micro_mini_bottom_back base_belt_back a5_neckline_back
b5-a5,a5_behind_front b5_micro_mini_flared_bottom_front a5_belt_front a5_neckline_front,b5_micro_mini_flared_bottom_back base_belt_back a5_neckline_back
t22-b5-a5,a5_behind_front b5_micro_mini_flared_bottom_front a5_belt_front a5_neckline_front,b5_micro_mini_flared_bottom_back base_belt_back a5_neckline_back
t14-b5-a5,a5_behind_front b5_micro_mini_flared_bottom_front a5_belt_front a5_neckline_front,b5_micro_mini_flared_bottom_back base_belt_back a5_neckline_back
t22-t14-b5-a5,a5_behind_front b5_micro_mini_flared_bottom_front a5_belt_front a5_neckline_front,b5_micro_mini_flared_bottom_back base_belt_back a5_neckline_back
b12-a5,a5_behind_front base_micro_mini_bottom_front a5_belt_front a5_neckline_front,base_micro_mini_bottom_back base_belt_back a5_neckline_back
t22-b12-a5,a5_behind_front base_micro_mini_bottom_front a5_belt_front a5_neckline_front,base_micro_mini_bottom_back base_belt_back a5_neckline_back
t14-b12-a5,a5_behind_front base_micro_mini_bottom_front a5_belt_front a5_neckline_front,base_micro_mini_bottom_back base_belt_back a5_neckline_back
t22-t14-b12-a5,a5_behind_front base_micro_mini_bottom_front a5_belt_front a5_neckline_front,base_micro_mini_bottom_back base_belt_back a5_neckline_back
b5-b12-a5,a5_behind_front b5_micro_mini_flared_bottom_front a5_belt_front a5_neckline_front,b5_micro_mini_flared_bottom_back base_belt_back a5_neckline_back
t22-b5-b12-a5,a5_behind_front b5_micro_mini_flared_bottom_front a5_belt_front a5_neckline_front,b5_micro_mini_flared_bottom_back base_belt_back a5_neckline_back
t14-b5-b12-a5,a5_behind_front b5_micro_mini_flared_bottom_front a5_belt_front a5_neckline_front,b5_micro_mini_flared_bottom_back base_belt_back a5_neckline_back
t22-t14-b5-b12-a5,a5_behind_front b5_micro_mini_flared_bottom_front a5_belt_front a5_neckline_front,b5_micro_mini_flared_bottom_back base_belt_back a5_neckline_back
t26-a5,a5_behind_front base_micro_mini_bottom_front a5_belt_front a5_neckline_front,base_micro_mini_bottom_back base_belt_back a5_neckline_back
t14-t26-a5,a5_behind_front base_micro_mini_bottom_front a5_belt_front a5_neckline_front,base_micro_mini_bottom_back base_belt_back a5_neckline_back
b5-t26-a5,a5_behind_front b5_micro_mini_flared_bottom_front a5_belt_front a5_neckline_front,b5_micro_mini_flared_bottom_back base_belt_back a5_neckline_back
t14-b5-t26-a5,a5_behind_front b5_micro_mini_flared_bottom_front a5_belt_front a5_neckline_front,b5_micro_mini_flared_bottom_back base_belt_back a5_neckline_back
b12-t26-a5,a5_behind_front base_micro_mini_bottom_front a5_belt_front a5_neckline_front,base_micro_mini_bottom_back base_belt_back a5_neckline_back
t14-b12-t26-a5,a5_behind_front base_micro_mini_bottom_front a5_belt_front a5_neckline_front,base_micro_mini_bottom_back base_belt_back a5_neckline_back
b5-b12-t26-a5,a5_behind_front b5_micro_mini_flared_bottom_front a5_belt_front a5_neckline_front,b5_micro_mini_flared_bottom_back base_belt_back a5_neckline_back
t14-b5-b12-t26-a5,a5_behind_front b5_micro_mini_flared_bottom_front a5_belt_front a5_neckline_front,b5_micro_mini_flared_bottom_back base_belt_back a5_neckline_back
b9-a5,b9_micro_mini_bottom_front b9_belt_front a5_for_b9_neckline_front,b9_micro_mini_bottom_back b9_belt_back a5_for_b9_neckline_back
t22-b9-a5,b9_micro_mini_bottom_front b9_belt_front a5_for_b9_neckline_front,b9_micro_mini_bottom_back b9_belt_back a5_for_b9_neckline_back
t14-b9-a5,b9_micro_mini_bottom_front b9_belt_front a5_for_b9_neckline_front,b9_micro_mini_bottom_back b9_belt_back a5_for_b9_neckline_back
t22-t14-b9-a5,b9_micro_mini_bottom_front b9_belt_front a5_for_b9_neckline_front,b9_micro_mini_bottom_back b9_belt_back a5_for_b9_neckline_back
b12-b9-a5,b9_micro_mini_bottom_front b9_belt_front a5_for_b9_neckline_front,b9_micro_mini_bottom_back b9_belt_back a5_for_b9_neckline_back
t22-b12-b9-a5,b9_micro_mini_bottom_front b9_belt_front a5_for_b9_neckline_front,b9_micro_mini_bottom_back b9_belt_back a5_for_b9_neckline_back
t14-b12-b9-a5,b9_micro_mini_bottom_front b9_belt_front a5_for_b9_neckline_front,b9_micro_mini_bottom_back b9_belt_back a5_for_b9_neckline_back
t22-t14-b12-b9-a5,b9_micro_mini_bottom_front b9_belt_front a5_for_b9_neckline_front,b9_micro_mini_bottom_back b9_belt_back a5_for_b9_neckline_back
t26-b9-a5,b9_micro_mini_bottom_front b9_belt_front a5_for_b9_neckline_front,b9_micro_mini_bottom_back b9_belt_back a5_for_b9_neckline_back
t14-t26-b9-a5,b9_micro_mini_bottom_front b9_belt_front a5_for_b9_neckline_front,b9_micro_mini_bottom_back b9_belt_back a5_for_b9_neckline_back
b12-t26-b9-a5,b9_micro_mini_bottom_front b9_belt_front a5_for_b9_neckline_front,b9_micro_mini_bottom_back b9_belt_back a5_for_b9_neckline_back
t14-b12-t26-b9-a5,b9_micro_mini_bottom_front b9_belt_front a5_for_b9_neckline_front,b9_micro_mini_bottom_back b9_belt_back a5_for_b9_neckline_back
a6-a5,a5_behind_front base_micro_mini_bottom_front a5_belt_front a5_neckline_front,base_micro_mini_bottom_back base_belt_back a5_neckline_back a6_infront_back
t22-a6-a5,a5_behind_front base_micro_mini_bottom_front a5_belt_front a5_neckline_front,base_micro_mini_bottom_back base_belt_back a5_neckline_back a6_infront_back
t14-a6-a5,a5_behind_front base_micro_mini_bottom_front a5_belt_front a5_neckline_front,base_micro_mini_bottom_back base_belt_back a5_neckline_back a6_infront_back
t22-t14-a6-a5,a5_behind_front base_micro_mini_bottom_front a5_belt_front a5_neckline_front,base_micro_mini_bottom_back base_belt_back a5_neckline_back a6_infront_back
b5-a6-a5,a5_behind_front b5_micro_mini_flared_bottom_front a5_belt_front a5_neckline_front,b5_micro_mini_flared_bottom_back base_belt_back a5_neckline_back a6_infront_back
t22-b5-a6-a5,a5_behind_front b5_micro_mini_flared_bottom_front a5_belt_front a5_neckline_front,b5_micro_mini_flared_bottom_back base_belt_back a5_neckline_back a6_infront_back
t14-b5-a6-a5,a5_behind_front b5_micro_mini_flared_bottom_front a5_belt_front a5_neckline_front,b5_micro_mini_flared_bottom_back base_belt_back a5_neckline_back a6_infront_back
t22-t14-b5-a6-a5,a5_behind_front b5_micro_mini_flared_bottom_front a5_belt_front a5_neckline_front,b5_micro_mini_flared_bottom_back base_belt_back a5_neckline_back a6_infront_back
t26-a6-a5,a5_behind_front base_micro_mini_bottom_front a5_belt_front a5_neckline_front,base_micro_mini_bottom_back base_belt_back a5_neckline_back a6_infront_back
t14-t26-a6-a5,a5_behind_front base_micro_mini_bottom_front a5_belt_front a5_neckline_front,base_micro_mini_bottom_back base_belt_back a5_neckline_back a6_infront_back
b5-t26-a6-a5,a5_behind_front b5_micro_mini_flared_bottom_front a5_belt_front a5_neckline_front,b5_micro_mini_flared_bottom_back base_belt_back a5_neckline_back a6_infront_back
t14-b5-t26-a6-a5,a5_behind_front b5_micro_mini_flared_bottom_front a5_belt_front a5_neckline_front,b5_micro_mini_flared_bottom_back base_belt_back a5_neckline_back a6_infront_back
a4-a5,a5_behind_front base_micro_mini_bottom_front a5_belt_front a5_neckline_front,base_micro_mini_bottom_back base_belt_back a5_neckline_back
t22-a4-a5,a5_behind_front base_micro_mini_bottom_front a5_belt_front a5_neckline_front,base_micro_mini_bottom_back base_belt_back a5_neckline_back
t14-a4-a5,a5_behind_front base_micro_mini_bottom_front a5_belt_front a5_neckline_front,base_micro_mini_bottom_back base_belt_back a5_neckline_back
t22-t14-a4-a5,a5_behind_front base_micro_mini_bottom_front a5_belt_front a5_neckline_front,base_micro_mini_bottom_back base_belt_back a5_neckline_back
b12-a4-a5,a5_behind_front base_micro_mini_bottom_front a5_belt_front a5_neckline_front,base_micro_mini_bottom_back base_belt_back a5_neckline_back
t22-b12-a4-a5,a5_behind_front base_micro_mini_bottom_front a5_belt_front a5_neckline_front,base_micro_mini_bottom_back base_belt_back a5_neckline_back
t14-b12-a4-a5,a5_behind_front base_micro_mini_bottom_front a5_belt_front a5_neckline_front,base_micro_mini_bottom_back base_belt_back a5_neckline_back
t22-t14-b12-a4-a5,a5_behind_front base_micro_mini_bottom_front a5_belt_front a5_neckline_front,base_micro_mini_bottom_back base_belt_back a5_neckline_back
t26-a4-a5,a5_behind_front base_micro_mini_bottom_front a5_belt_front a5_neckline_front,base_micro_mini_bottom_back base_belt_back a5_neckline_back
t14-t26-a4-a5,a5_behind_front base_micro_mini_bottom_front a5_belt_front a5_neckline_front,base_micro_mini_bottom_back base_belt_back a5_neckline_back
b12-t26-a4-a5,a5_behind_front base_micro_mini_bottom_front a5_belt_front a5_neckline_front,base_micro_mini_bottom_back base_belt_back a5_neckline_back
t14-b12-t26-a4-a5,a5_behind_front base_micro_mini_bottom_front a5_belt_front a5_neckline_front,base_micro_mini_bottom_back base_belt_back a5_neckline_back
b9-a4-a5,b9_micro_mini_bottom_front b9_belt_front a5_for_b9_neckline_front,b9_micro_mini_bottom_back b9_belt_back a5_for_b9_neckline_back
t22-b9-a4-a5,b9_micro_mini_bottom_front b9_belt_front a5_for_b9_neckline_front,b9_micro_mini_bottom_back b9_belt_back a5_for_b9_neckline_back
t14-b9-a4-a5,b9_micro_mini_bottom_front b9_belt_front a5_for_b9_neckline_front,b9_micro_mini_bottom_back b9_belt_back a5_for_b9_neckline_back
t22-t14-b9-a4-a5,b9_micro_mini_bottom_front b9_belt_front a5_for_b9_neckline_front,b9_micro_mini_bottom_back b9_belt_back a5_for_b9_neckline_back
b12-b9-a4-a5,b9_micro_mini_bottom_front b9_belt_front a5_for_b9_neckline_front,b9_micro_mini_bottom_back b9_belt_back a5_for_b9_neckline_back
t22-b12-b9-a4-a5,b9_micro_mini_bottom_front b9_belt_front a5_for_b9_neckline_front,b9_micro_mini_bottom_back b9_belt_back a5_for_b9_neckline_back
t14-b12-b9-a4-a5,b9_micro_mini_bottom_front b9_belt_front a5_for_b9_neckline_front,b9_micro_mini_bottom_back b9_belt_back a5_for_b9_neckline_back
t22-t14-b12-b9-a4-a5,b9_micro_mini_bottom_front b9_belt_front a5_for_b9_neckline_front,b9_micro_mini_bottom_back b9_belt_back a5_for_b9_neckline_back
t26-b9-a4-a5,b9_micro_mini_bottom_front b9_belt_front a5_for_b9_neckline_front,b9_micro_mini_bottom_back b9_belt_back a5_for_b9_neckline_back
t14-t26-b9-a4-a5,b9_micro_mini_bottom_front b9_belt_front a5_for_b9_neckline_front,b9_micro_mini_bottom_back b9_belt_back a5_for_b9_neckline_back
b12-t26-b9-a4-a5,b9_micro_mini_bottom_front b9_belt_front a5_for_b9_neckline_front,b9_micro_mini_bottom_back b9_belt_back a5_for_b9_neckline_back
t14-b12-t26-b9-a4-a5,b9_micro_mini_bottom_front b9_belt_front a5_for_b9_neckline_front,b9_micro_mini_bottom_back b9_belt_back a5_for_b9_neckline_back
a6-a4-a5,a5_behind_front base_micro_mini_bottom_front a5_belt_front a5_neckline_front,base_micro_mini_bottom_back base_belt_back a5_neckline_back a6_infront_back
t22-a6-a4-a5,a5_behind_front base_micro_mini_bottom_front a5_belt_front a5_neckline_front,base_micro_mini_bottom_back base_belt_back a5_neckline_back a6_infront_back
t14-a6-a4-a5,a5_behind_front base_micro_mini_bottom_front a5_belt_front a5_neckline_front,base_micro_mini_bottom_back base_belt_back a5_neckline_back a6_infront_back
t22-t14-a6-a4-a5,a5_behind_front base_micro_mini_bottom_front a5_belt_front a5_neckline_front,base_micro_mini_bottom_back base_belt_back a5_neckline_back a6_infront_back
t26-a6-a4-a5,a5_behind_front base_micro_mini_bottom_front a5_belt_front a5_neckline_front,base_micro_mini_bottom_back base_belt_back a5_neckline_back a6_infront_back
t14-t26-a6-a4-a5,a5_behind_front base_micro_mini_bottom_front a5_belt_front a5_neckline_front,base_micro_mini_bottom_back base_belt_back a5_neckline_back a6_infront_back
